Horodate;P Soutiree (kW)
01.01.2024 00:00;159865
01.01.2024 00:10;158913
01.01.2024 00:20;160092
01.01.2024 00:30;161405
01.01.2024 00:40;158769
01.01.2024 00:50;158769
01.01.2024 01:00;161489
01.01.2024 01:10;160271
01.01.2024 01:20;158416
01.01.2024 01:30;159934
01.01.2024 01:40;158425
01.01.2024 01:50;158421
01.01.2024 02:00;159483
01.01.2024 02:10;156250
01.01.2024 02:20;156533
01.01.2024 02:30;158277
01.01.2024 02:40;157601
01.01.2024 02:50;159591
01.01.2024 03:00;157758
01.01.2024 03:10;157002
01.01.2024 03:20;161318
01.01.2024 03:30;158781
01.01.2024 03:40;159221
01.01.2024 03:50;156983
01.01.2024 04:00;158303
01.01.2024 04:10;159286
01.01.2024 04:20;157394
01.01.2024 04:30;159684
01.01.2024 04:40;158219
01.01.2024 04:50;158682
01.01.2024 05:00;158217
01.01.2024 05:10;163938
01.01.2024 05:20;163180
01.01.2024 05:30;163653
01.01.2024 05:40;168514
01.01.2024 05:50;167489
01.01.2024 06:00;171673
01.01.2024 06:10;170460
01.01.2024 06:20;173448
01.01.2024 06:30;177775
01.01.2024 06:40;180628
01.01.2024 06:50;181817
01.01.2024 07:00;183427
01.01.2024 07:10;184508
01.01.2024 07:20;184102
01.01.2024 07:30;186600
01.01.2024 07:40;188349
01.01.2024 07:50;191986
01.01.2024 08:00;192275
01.01.2024 08:10;190475
01.01.2024 08:20;194966
01.01.2024 08:30;195262
01.01.2024 08:40;196185
01.01.2024 08:50;199478
01.01.2024 09:00;201466
01.01.2024 09:10;201317
01.01.2024 09:20;198661
01.01.2024 09:30;199456
01.01.2024 09:40;200417
01.01.2024 09:50;201383
01.01.2024 10:00;199201
01.01.2024 10:10;199642
01.01.2024 10:20;198260
01.01.2024 10:30;198126
01.01.2024 10:40;201139
01.01.2024 10:50;201954
01.01.2024 11:00;199812
01.01.2024 11:10;201425
01.01.2024 11:20;200462
01.01.2024 11:30;198952
01.01.2024 11:40;200462
01.01.2024 11:50;202227
01.01.2024 12:00;191706
01.01.2024 12:10;194107
01.01.2024 12:20;187830
01.01.2024 12:30;192993
01.01.2024 12:40;191891
01.01.2024 12:50;191311
01.01.2024 13:00;198018
01.01.2024 13:10;194899
01.01.2024 13:20;197550
01.01.2024 13:30;198416
01.01.2024 13:40;200097
01.01.2024 13:50;197103
01.01.2024 14:00;196667
01.01.2024 14:10;197127
01.01.2024 14:20;199253
01.01.2024 14:30;198373
01.01.2024 14:40;197085
01.01.2024 14:50;198650
01.01.2024 15:00;198026
01.01.2024 15:10;199333
01.01.2024 15:20;196827
01.01.2024 15:30;197389
01.01.2024 15:40;197292
01.01.2024 15:50;195685
01.01.2024 16:00;198324
01.01.2024 16:10;198272
01.01.2024 16:20;197888
01.01.2024 16:30;197528
01.01.2024 16:40;195757
01.01.2024 16:50;197249
01.01.2024 17:00;193286
01.01.2024 17:10;192597
01.01.2024 17:20;193558
01.01.2024 17:30;194406
01.01.2024 17:40;196629
01.01.2024 17:50;194062
01.01.2024 18:00;194186
01.01.2024 18:10;193688
01.01.2024 18:20;190922
01.01.2024 18:30;193760
01.01.2024 18:40;193890
01.01.2024 18:50;197495
01.01.2024 19:00;179231
01.01.2024 19:10;179972
01.01.2024 19:20;179468
01.01.2024 19:30;177767
01.01.2024 19:40;181234
01.01.2024 19:50;180648
01.01.2024 20:00;180707
01.01.2024 20:10;178156
01.01.2024 20:20;181624
01.01.2024 20:30;177417
01.01.2024 20:40;180400
01.01.2024 20:50;182806
01.01.2024 21:00;165794
01.01.2024 21:10;166431
01.01.2024 21:20;167429
01.01.2024 21:30;166525
01.01.2024 21:40;164954
01.01.2024 21:50;167383
01.01.2024 22:00;165687
01.01.2024 22:10;167990
01.01.2024 22:20;165901
01.01.2024 22:30;169605
01.01.2024 22:40;166105
01.01.2024 22:50;166797
01.01.2024 23:00;168500
01.01.2024 23:10;165434
01.01.2024 23:20;167621
01.01.2024 23:30;169241
01.01.2024 23:40;164869
01.01.2024 23:50;167557
02.01.2024 00:00;159510
02.01.2024 00:10;160293
02.01.2024 00:20;157265
02.01.2024 00:30;157139
02.01.2024 00:40;159903
02.01.2024 00:50;159565
02.01.2024 01:00;159496
02.01.2024 01:10;159640
02.01.2024 01:20;158100
02.01.2024 01:30;159468
02.01.2024 01:40;159560
02.01.2024 01:50;158048
02.01.2024 02:00;161919
02.01.2024 02:10;159831
02.01.2024 02:20;157333
02.01.2024 02:30;160105
02.01.2024 02:40;157658
02.01.2024 02:50;160301
02.01.2024 03:00;160858
02.01.2024 03:10;157889
02.01.2024 03:20;160565
02.01.2024 03:30;159739
02.01.2024 03:40;160353
02.01.2024 03:50;161965
02.01.2024 04:00;158752
02.01.2024 04:10;157989
02.01.2024 04:20;157786
02.01.2024 04:30;157896
02.01.2024 04:40;159004
02.01.2024 04:50;159632
02.01.2024 05:00;159535
02.01.2024 05:10;162401
02.01.2024 05:20;163220
02.01.2024 05:30;167420
02.01.2024 05:40;166883
02.01.2024 05:50;173400
02.01.2024 06:00;172299
02.01.2024 06:10;172114
02.01.2024 06:20;173834
02.01.2024 06:30;178204
02.01.2024 06:40;179185
02.01.2024 06:50;182631
02.01.2024 07:00;184310
02.01.2024 07:10;184851
02.01.2024 07:20;185050
02.01.2024 07:30;185408
02.01.2024 07:40;188370
02.01.2024 07:50;191685
02.01.2024 08:00;192081
02.01.2024 08:10;191251
02.01.2024 08:20;194740
02.01.2024 08:30;196418
02.01.2024 08:40;195874
02.01.2024 08:50;198791
02.01.2024 09:00;200007
02.01.2024 09:10;198206
02.01.2024 09:20;200457
02.01.2024 09:30;200761
02.01.2024 09:40;201545
02.01.2024 09:50;201501
02.01.2024 10:00;197853
02.01.2024 10:10;198513
02.01.2024 10:20;200693
02.01.2024 10:30;200691
02.01.2024 10:40;200693
02.01.2024 10:50;205699
02.01.2024 11:00;200776
02.01.2024 11:10;201623
02.01.2024 11:20;201351
02.01.2024 11:30;200897
02.01.2024 11:40;199447
02.01.2024 11:50;201058
02.01.2024 12:00;190601
02.01.2024 12:10;191405
02.01.2024 12:20;191032
02.01.2024 12:30;191883
02.01.2024 12:40;195232
02.01.2024 12:50;188959
02.01.2024 13:00;198909
02.01.2024 13:10;195461
02.01.2024 13:20;197172
02.01.2024 13:30;199513
02.01.2024 13:40;197976
02.01.2024 13:50;196263
02.01.2024 14:00;196807
02.01.2024 14:10;198899
02.01.2024 14:20;196784
02.01.2024 14:30;198205
02.01.2024 14:40;197948
02.01.2024 14:50;196903
02.01.2024 15:00;201096
02.01.2024 15:10;198831
02.01.2024 15:20;194842
02.01.2024 15:30;198160
02.01.2024 15:40;196887
02.01.2024 15:50;199159
02.01.2024 16:00;196691
02.01.2024 16:10;197708
02.01.2024 16:20;198637
02.01.2024 16:30;199179
02.01.2024 16:40;196080
02.01.2024 16:50;197378
02.01.2024 17:00;193088
02.01.2024 17:10;192820
02.01.2024 17:20;196448
02.01.2024 17:30;194407
02.01.2024 17:40;191909
02.01.2024 17:50;195177
02.01.2024 18:00;196983
02.01.2024 18:10;195349
02.01.2024 18:20;191521
02.01.2024 18:30;193074
02.01.2024 18:40;195700
02.01.2024 18:50;192738
02.01.2024 19:00;180186
02.01.2024 19:10;180682
02.01.2024 19:20;178130
02.01.2024 19:30;179431
02.01.2024 19:40;174658
02.01.2024 19:50;177983
02.01.2024 20:00;179141
02.01.2024 20:10;177648
02.01.2024 20:20;181969
02.01.2024 20:30;177375
02.01.2024 20:40;178860
02.01.2024 20:50;179716
02.01.2024 21:00;169442
02.01.2024 21:10;165126
02.01.2024 21:20;169025
02.01.2024 21:30;167295
02.01.2024 21:40;165808
02.01.2024 21:50;167973
02.01.2024 22:00;167579
02.01.2024 22:10;166380
02.01.2024 22:20;167385
02.01.2024 22:30;166702
02.01.2024 22:40;167450
02.01.2024 22:50;168273
02.01.2024 23:00;169659
02.01.2024 23:10;165423
02.01.2024 23:20;170480
02.01.2024 23:30;164352
02.01.2024 23:40;167052
02.01.2024 23:50;168162
03.01.2024 00:00;159541
03.01.2024 00:10;158186
03.01.2024 00:20;158808
03.01.2024 00:30;158380
03.01.2024 00:40;158236
03.01.2024 00:50;160394
03.01.2024 01:00;159656
03.01.2024 01:10;158081
03.01.2024 01:20;160469
03.01.2024 01:30;159581
03.01.2024 01:40;160339
03.01.2024 01:50;160064
03.01.2024 02:00;157877
03.01.2024 02:10;158280
03.01.2024 02:20;160241
03.01.2024 02:30;160036
03.01.2024 02:40;159089
03.01.2024 02:50;159296
03.01.2024 03:00;161036
03.01.2024 03:10;158233
03.01.2024 03:20;159941
03.01.2024 03:30;158817
03.01.2024 03:40;158793
03.01.2024 03:50;160768
03.01.2024 04:00;160358
03.01.2024 04:10;160340
03.01.2024 04:20;161078
03.01.2024 04:30;159152
03.01.2024 04:40;160143
03.01.2024 04:50;158655
03.01.2024 05:00;159606
03.01.2024 05:10;160965
03.01.2024 05:20;163345
03.01.2024 05:30;166133
03.01.2024 05:40;166053
03.01.2024 05:50;172459
03.01.2024 06:00;169851
03.01.2024 06:10;171579
03.01.2024 06:20;177177
03.01.2024 06:30;178667
03.01.2024 06:40;180456
03.01.2024 06:50;182503
03.01.2024 07:00;183582
03.01.2024 07:10;183614
03.01.2024 07:20;186434
03.01.2024 07:30;186664
03.01.2024 07:40;190503
03.01.2024 07:50;190179
03.01.2024 08:00;190522
03.01.2024 08:10;192638
03.01.2024 08:20;195099
03.01.2024 08:30;194994
03.01.2024 08:40;195967
03.01.2024 08:50;198926
03.01.2024 09:00;200287
03.01.2024 09:10;199160
03.01.2024 09:20;199213
03.01.2024 09:30;200268
03.01.2024 09:40;197748
03.01.2024 09:50;197809
03.01.2024 10:00;198842
03.01.2024 10:10;199600
03.01.2024 10:20;200386
03.01.2024 10:30;202133
03.01.2024 10:40;201206
03.01.2024 10:50;199680
03.01.2024 11:00;199891
03.01.2024 11:10;198416
03.01.2024 11:20;199892
03.01.2024 11:30;199487
03.01.2024 11:40;200404
03.01.2024 11:50;198679
03.01.2024 12:00;192539
03.01.2024 12:10;194059
03.01.2024 12:20;191597
03.01.2024 12:30;192363
03.01.2024 12:40;192795
03.01.2024 12:50;191158
03.01.2024 13:00;198216
03.01.2024 13:10;197899
03.01.2024 13:20;198027
03.01.2024 13:30;196720
03.01.2024 13:40;197917
03.01.2024 13:50;198627
03.01.2024 14:00;200057
03.01.2024 14:10;199319
03.01.2024 14:20;201110
03.01.2024 14:30;196729
03.01.2024 14:40;199188
03.01.2024 14:50;198155
03.01.2024 15:00;201165
03.01.2024 15:10;196668
03.01.2024 15:20;196620
03.01.2024 15:30;196981
03.01.2024 15:40;194694
03.01.2024 15:50;197091
03.01.2024 16:00;196741
03.01.2024 16:10;198106
03.01.2024 16:20;198393
03.01.2024 16:30;200694
03.01.2024 16:40;199306
03.01.2024 16:50;197015
03.01.2024 17:00;192452
03.01.2024 17:10;194538
03.01.2024 17:20;191820
03.01.2024 17:30;196547
03.01.2024 17:40;195569
03.01.2024 17:50;193096
03.01.2024 18:00;191230
03.01.2024 18:10;195831
03.01.2024 18:20;193628
03.01.2024 18:30;195657
03.01.2024 18:40;191408
03.01.2024 18:50;192901
03.01.2024 19:00;179528
03.01.2024 19:10;179590
03.01.2024 19:20;178845
03.01.2024 19:30;180454
03.01.2024 19:40;177919
03.01.2024 19:50;179306
03.01.2024 20:00;179700
03.01.2024 20:10;180292
03.01.2024 20:20;180587
03.01.2024 20:30;177833
03.01.2024 20:40;177219
03.01.2024 20:50;181437
03.01.2024 21:00;167778
03.01.2024 21:10;166157
03.01.2024 21:20;169607
03.01.2024 21:30;167454
03.01.2024 21:40;169049
03.01.2024 21:50;167381
03.01.2024 22:00;170371
03.01.2024 22:10;169913
03.01.2024 22:20;166907
03.01.2024 22:30;168737
03.01.2024 22:40;168248
03.01.2024 22:50;169333
03.01.2024 23:00;165833
03.01.2024 23:10;168309
03.01.2024 23:20;168868
03.01.2024 23:30;164642
03.01.2024 23:40;165505
03.01.2024 23:50;164221
04.01.2024 00:00;158716
04.01.2024 00:10;160196
04.01.2024 00:20;161374
04.01.2024 00:30;159231
04.01.2024 00:40;161563
04.01.2024 00:50;157050
04.01.2024 01:00;156565
04.01.2024 01:10;159037
04.01.2024 01:20;159696
04.01.2024 01:30;159071
04.01.2024 01:40;156019
04.01.2024 01:50;158986
04.01.2024 02:00;157163
04.01.2024 02:10;160125
04.01.2024 02:20;159670
04.01.2024 02:30;157710
04.01.2024 02:40;158349
04.01.2024 02:50;157531
04.01.2024 03:00;159026
04.01.2024 03:10;160553
04.01.2024 03:20;157641
04.01.2024 03:30;159876
04.01.2024 03:40;158325
04.01.2024 03:50;157931
04.01.2024 04:00;158959
04.01.2024 04:10;157567
04.01.2024 04:20;158290
04.01.2024 04:30;157323
04.01.2024 04:40;162067
04.01.2024 04:50;159173
04.01.2024 05:00;158070
04.01.2024 05:10;161481
04.01.2024 05:20;163032
04.01.2024 05:30;164909
04.01.2024 05:40;168201
04.01.2024 05:50;170456
04.01.2024 06:00;170564
04.01.2024 06:10;172536
04.01.2024 06:20;175027
04.01.2024 06:30;174027
04.01.2024 06:40;177247
04.01.2024 06:50;183610
04.01.2024 07:00;186067
04.01.2024 07:10;184586
04.01.2024 07:20;187185
04.01.2024 07:30;188147
04.01.2024 07:40;193658
04.01.2024 07:50;192079
04.01.2024 08:00;191568
04.01.2024 08:10;191687
04.01.2024 08:20;192070
04.01.2024 08:30;196145
04.01.2024 08:40;196065
04.01.2024 08:50;196427
04.01.2024 09:00;198950
04.01.2024 09:10;198298
04.01.2024 09:20;202451
04.01.2024 09:30;201242
04.01.2024 09:40;199908
04.01.2024 09:50;202140
04.01.2024 10:00;200036
04.01.2024 10:10;198628
04.01.2024 10:20;202205
04.01.2024 10:30;200728
04.01.2024 10:40;198364
04.01.2024 10:50;199634
04.01.2024 11:00;198607
04.01.2024 11:10;197846
04.01.2024 11:20;201309
04.01.2024 11:30;202784
04.01.2024 11:40;197822
04.01.2024 11:50;200764
04.01.2024 12:00;190784
04.01.2024 12:10;191029
04.01.2024 12:20;190871
04.01.2024 12:30;190464
04.01.2024 12:40;191833
04.01.2024 12:50;190514
04.01.2024 13:00;198286
04.01.2024 13:10;197805
04.01.2024 13:20;197522
04.01.2024 13:30;196519
04.01.2024 13:40;197015
04.01.2024 13:50;199013
04.01.2024 14:00;198631
04.01.2024 14:10;196414
04.01.2024 14:20;198029
04.01.2024 14:30;199007
04.01.2024 14:40;195376
04.01.2024 14:50;198695
04.01.2024 15:00;196886
04.01.2024 15:10;198736
04.01.2024 15:20;196735
04.01.2024 15:30;195173
04.01.2024 15:40;195439
04.01.2024 15:50;197952
04.01.2024 16:00;198270
04.01.2024 16:10;196524
04.01.2024 16:20;198838
04.01.2024 16:30;195388
04.01.2024 16:40;197781
04.01.2024 16:50;196063
04.01.2024 17:00;192822
04.01.2024 17:10;193871
04.01.2024 17:20;192509
04.01.2024 17:30;193223
04.01.2024 17:40;195309
04.01.2024 17:50;192935
04.01.2024 18:00;195054
04.01.2024 18:10;192105
04.01.2024 18:20;194595
04.01.2024 18:30;195962
04.01.2024 18:40;190093
04.01.2024 18:50;192605
04.01.2024 19:00;180386
04.01.2024 19:10;179215
04.01.2024 19:20;180077
04.01.2024 19:30;178614
04.01.2024 19:40;179650
04.01.2024 19:50;179286
04.01.2024 20:00;181272
04.01.2024 20:10;179902
04.01.2024 20:20;180026
04.01.2024 20:30;178902
04.01.2024 20:40;178789
04.01.2024 20:50;178871
04.01.2024 21:00;167872
04.01.2024 21:10;166649
04.01.2024 21:20;167715
04.01.2024 21:30;170393
04.01.2024 21:40;168587
04.01.2024 21:50;166791
04.01.2024 22:00;169082
04.01.2024 22:10;166668
04.01.2024 22:20;164223
04.01.2024 22:30;165768
04.01.2024 22:40;164474
04.01.2024 22:50;166753
04.01.2024 23:00;167308
04.01.2024 23:10;169795
04.01.2024 23:20;167770
04.01.2024 23:30;166951
04.01.2024 23:40;168524
04.01.2024 23:50;163963
05.01.2024 00:00;159473
05.01.2024 00:10;160276
05.01.2024 00:20;156902
05.01.2024 00:30;160836
05.01.2024 00:40;159628
05.01.2024 00:50;158497
05.01.2024 01:00;160069
05.01.2024 01:10;162526
05.01.2024 01:20;159393
05.01.2024 01:30;159492
05.01.2024 01:40;158431
05.01.2024 01:50;157845
05.01.2024 02:00;160366
05.01.2024 02:10;157836
05.01.2024 02:20;159227
05.01.2024 02:30;158404
05.01.2024 02:40;159838
05.01.2024 02:50;159620
05.01.2024 03:00;160676
05.01.2024 03:10;158355
05.01.2024 03:20;158715
05.01.2024 03:30;157652
05.01.2024 03:40;158454
05.01.2024 03:50;159686
05.01.2024 04:00;160255
05.01.2024 04:10;157737
05.01.2024 04:20;160424
05.01.2024 04:30;161153
05.01.2024 04:40;159740
05.01.2024 04:50;161935
05.01.2024 05:00;157959
05.01.2024 05:10;159293
05.01.2024 05:20;160532
05.01.2024 05:30;167484
05.01.2024 05:40;168262
05.01.2024 05:50;169237
05.01.2024 06:00;171780
05.01.2024 06:10;171712
05.01.2024 06:20;179109
05.01.2024 06:30;177674
05.01.2024 06:40;179684
05.01.2024 06:50;182649
05.01.2024 07:00;184322
05.01.2024 07:10;185296
05.01.2024 07:20;185134
05.01.2024 07:30;188387
05.01.2024 07:40;191863
05.01.2024 07:50;192418
05.01.2024 08:00;194150
05.01.2024 08:10;192353
05.01.2024 08:20;192996
05.01.2024 08:30;195651
05.01.2024 08:40;197284
05.01.2024 08:50;200201
05.01.2024 09:00;197381
05.01.2024 09:10;202214
05.01.2024 09:20;199683
05.01.2024 09:30;199280
05.01.2024 09:40;198402
05.01.2024 09:50;197438
05.01.2024 10:00;201155
05.01.2024 10:10;200030
05.01.2024 10:20;197985
05.01.2024 10:30;197977
05.01.2024 10:40;199416
05.01.2024 10:50;202424
05.01.2024 11:00;199531
05.01.2024 11:10;197665
05.01.2024 11:20;199551
05.01.2024 11:30;199511
05.01.2024 11:40;195875
05.01.2024 11:50;199839
05.01.2024 12:00;191414
05.01.2024 12:10;192804
05.01.2024 12:20;194533
05.01.2024 12:30;193450
05.01.2024 12:40;191357
05.01.2024 12:50;190100
05.01.2024 13:00;201740
05.01.2024 13:10;197969
05.01.2024 13:20;197901
05.01.2024 13:30;197844
05.01.2024 13:40;198177
05.01.2024 13:50;197663
05.01.2024 14:00;197020
05.01.2024 14:10;197060
05.01.2024 14:20;197831
05.01.2024 14:30;197065
05.01.2024 14:40;196811
05.01.2024 14:50;198040
05.01.2024 15:00;197498
05.01.2024 15:10;200136
05.01.2024 15:20;193904
05.01.2024 15:30;199517
05.01.2024 15:40;199749
05.01.2024 15:50;194770
05.01.2024 16:00;197366
05.01.2024 16:10;197323
05.01.2024 16:20;195769
05.01.2024 16:30;196713
05.01.2024 16:40;196214
05.01.2024 16:50;200508
05.01.2024 17:00;195204
05.01.2024 17:10;195707
05.01.2024 17:20;194883
05.01.2024 17:30;192106
05.01.2024 17:40;193013
05.01.2024 17:50;194534
05.01.2024 18:00;191967
05.01.2024 18:10;194869
05.01.2024 18:20;193440
05.01.2024 18:30;193238
05.01.2024 18:40;194866
05.01.2024 18:50;194466
05.01.2024 19:00;178979
05.01.2024 19:10;181259
05.01.2024 19:20;177898
05.01.2024 19:30;180444
05.01.2024 19:40;180410
05.01.2024 19:50;179056
05.01.2024 20:00;180009
05.01.2024 20:10;177643
05.01.2024 20:20;180906
05.01.2024 20:30;179243
05.01.2024 20:40;178736
05.01.2024 20:50;181094
05.01.2024 21:00;166223
05.01.2024 21:10;165167
05.01.2024 21:20;164945
05.01.2024 21:30;168189
05.01.2024 21:40;165359
05.01.2024 21:50;169912
05.01.2024 22:00;164157
05.01.2024 22:10;169825
05.01.2024 22:20;167597
05.01.2024 22:30;167135
05.01.2024 22:40;166463
05.01.2024 22:50;167879
05.01.2024 23:00;167224
05.01.2024 23:10;168935
05.01.2024 23:20;167451
05.01.2024 23:30;167505
05.01.2024 23:40;166735
05.01.2024 23:50;167195
06.01.2024 00:00;135714
06.01.2024 00:10;132687
06.01.2024 00:20;133230
06.01.2024 00:30;136367
06.01.2024 00:40;135508
06.01.2024 00:50;134976
06.01.2024 01:00;135280
06.01.2024 01:10;135773
06.01.2024 01:20;134442
06.01.2024 01:30;134085
06.01.2024 01:40;135546
06.01.2024 01:50;133784
06.01.2024 02:00;135864
06.01.2024 02:10;132698
06.01.2024 02:20;136796
06.01.2024 02:30;135961
06.01.2024 02:40;135636
06.01.2024 02:50;136726
06.01.2024 03:00;137750
06.01.2024 03:10;136774
06.01.2024 03:20;132491
06.01.2024 03:30;133333
06.01.2024 03:40;134315
06.01.2024 03:50;135291
06.01.2024 04:00;136028
06.01.2024 04:10;134163
06.01.2024 04:20;135532
06.01.2024 04:30;134119
06.01.2024 04:40;134335
06.01.2024 04:50;133142
06.01.2024 05:00;133867
06.01.2024 05:10;134958
06.01.2024 05:20;137256
06.01.2024 05:30;142034
06.01.2024 05:40;140764
06.01.2024 05:50;147871
06.01.2024 06:00;146396
06.01.2024 06:10;147667
06.01.2024 06:20;147836
06.01.2024 06:30;151908
06.01.2024 06:40;151729
06.01.2024 06:50;154509
06.01.2024 07:00;159900
06.01.2024 07:10;157072
06.01.2024 07:20;160096
06.01.2024 07:30;158473
06.01.2024 07:40;160632
06.01.2024 07:50;164496
06.01.2024 08:00;162056
06.01.2024 08:10;166871
06.01.2024 08:20;166370
06.01.2024 08:30;165620
06.01.2024 08:40;168569
06.01.2024 08:50;170235
06.01.2024 09:00;170865
06.01.2024 09:10;167577
06.01.2024 09:20;168841
06.01.2024 09:30;169561
06.01.2024 09:40;169820
06.01.2024 09:50;170863
06.01.2024 10:00;170199
06.01.2024 10:10;167929
06.01.2024 10:20;170502
06.01.2024 10:30;170848
06.01.2024 10:40;170772
06.01.2024 10:50;171553
06.01.2024 11:00;171183
06.01.2024 11:10;170621
06.01.2024 11:20;169827
06.01.2024 11:30;167441
06.01.2024 11:40;170576
06.01.2024 11:50;170244
06.01.2024 12:00;163403
06.01.2024 12:10;161081
06.01.2024 12:20;161374
06.01.2024 12:30;164576
06.01.2024 12:40;162937
06.01.2024 12:50;164018
06.01.2024 13:00;168240
06.01.2024 13:10;168243
06.01.2024 13:20;169605
06.01.2024 13:30;167424
06.01.2024 13:40;168342
06.01.2024 13:50;167505
06.01.2024 14:00;167546
06.01.2024 14:10;167734
06.01.2024 14:20;168531
06.01.2024 14:30;167480
06.01.2024 14:40;170082
06.01.2024 14:50;166856
06.01.2024 15:00;167918
06.01.2024 15:10;167538
06.01.2024 15:20;170368
06.01.2024 15:30;168493
06.01.2024 15:40;169746
06.01.2024 15:50;165970
06.01.2024 16:00;168599
06.01.2024 16:10;169532
06.01.2024 16:20;168321
06.01.2024 16:30;169796
06.01.2024 16:40;167422
06.01.2024 16:50;170312
06.01.2024 17:00;168178
06.01.2024 17:10;164186
06.01.2024 17:20;164062
06.01.2024 17:30;166910
06.01.2024 17:40;167099
06.01.2024 17:50;163946
06.01.2024 18:00;164100
06.01.2024 18:10;164307
06.01.2024 18:20;162713
06.01.2024 18:30;163352
06.01.2024 18:40;163224
06.01.2024 18:50;163578
06.01.2024 19:00;152540
06.01.2024 19:10;152943
06.01.2024 19:20;154918
06.01.2024 19:30;151094
06.01.2024 19:40;154068
06.01.2024 19:50;152271
06.01.2024 20:00;152518
06.01.2024 20:10;153604
06.01.2024 20:20;150908
06.01.2024 20:30;153166
06.01.2024 20:40;152842
06.01.2024 20:50;153331
06.01.2024 21:00;142622
06.01.2024 21:10;145871
06.01.2024 21:20;141231
06.01.2024 21:30;141392
06.01.2024 21:40;141253
06.01.2024 21:50;141355
06.01.2024 22:00;141232
06.01.2024 22:10;143972
06.01.2024 22:20;144319
06.01.2024 22:30;141332
06.01.2024 22:40;140939
06.01.2024 22:50;142895
06.01.2024 23:00;141360
06.01.2024 23:10;143137
06.01.2024 23:20;142492
06.01.2024 23:30;139914
06.01.2024 23:40;144509
06.01.2024 23:50;144882
07.01.2024 00:00;134333
07.01.2024 00:10;134670
07.01.2024 00:20;135681
07.01.2024 00:30;135754
07.01.2024 00:40;136240
07.01.2024 00:50;138267
07.01.2024 01:00;134987
07.01.2024 01:10;134055
07.01.2024 01:20;133183
07.01.2024 01:30;134156
07.01.2024 01:40;135202
07.01.2024 01:50;137944
07.01.2024 02:00;134476
07.01.2024 02:10;135588
07.01.2024 02:20;135227
07.01.2024 02:30;137035
07.01.2024 02:40;139042
07.01.2024 02:50;134456
07.01.2024 03:00;134518
07.01.2024 03:10;136818
07.01.2024 03:20;136275
07.01.2024 03:30;138022
07.01.2024 03:40;136128
07.01.2024 03:50;134713
07.01.2024 04:00;136138
07.01.2024 04:10;136915
07.01.2024 04:20;136483
07.01.2024 04:30;136013
07.01.2024 04:40;136852
07.01.2024 04:50;137006
07.01.2024 05:00;137325
07.01.2024 05:10;137959
07.01.2024 05:20;138469
07.01.2024 05:30;140674
07.01.2024 05:40;143998
07.01.2024 05:50;142697
07.01.2024 06:00;146209
07.01.2024 06:10;146800
07.01.2024 06:20;149167
07.01.2024 06:30;152776
07.01.2024 06:40;152879
07.01.2024 06:50;154396
07.01.2024 07:00;154020
07.01.2024 07:10;158335
07.01.2024 07:20;159340
07.01.2024 07:30;162773
07.01.2024 07:40;160222
07.01.2024 07:50;162169
07.01.2024 08:00;163370
07.01.2024 08:10;166518
07.01.2024 08:20;165165
07.01.2024 08:30;166883
07.01.2024 08:40;168532
07.01.2024 08:50;169056
07.01.2024 09:00;169262
07.01.2024 09:10;170223
07.01.2024 09:20;171542
07.01.2024 09:30;168392
07.01.2024 09:40;170131
07.01.2024 09:50;168882
07.01.2024 10:00;171725
07.01.2024 10:10;167647
07.01.2024 10:20;169094
07.01.2024 10:30;170498
07.01.2024 10:40;172280
07.01.2024 10:50;169833
07.01.2024 11:00;169099
07.01.2024 11:10;172754
07.01.2024 11:20;167760
07.01.2024 11:30;166634
07.01.2024 11:40;170592
07.01.2024 11:50;169179
07.01.2024 12:00;161464
07.01.2024 12:10;164059
07.01.2024 12:20;163362
07.01.2024 12:30;162150
07.01.2024 12:40;161076
07.01.2024 12:50;164305
07.01.2024 13:00;169173
07.01.2024 13:10;168049
07.01.2024 13:20;170968
07.01.2024 13:30;166593
07.01.2024 13:40;165910
07.01.2024 13:50;167160
07.01.2024 14:00;168130
07.01.2024 14:10;168563
07.01.2024 14:20;167836
07.01.2024 14:30;168726
07.01.2024 14:40;166321
07.01.2024 14:50;170364
07.01.2024 15:00;168075
07.01.2024 15:10;169874
07.01.2024 15:20;168712
07.01.2024 15:30;168883
07.01.2024 15:40;169053
07.01.2024 15:50;168870
07.01.2024 16:00;169162
07.01.2024 16:10;170192
07.01.2024 16:20;168493
07.01.2024 16:30;169262
07.01.2024 16:40;168063
07.01.2024 16:50;170358
07.01.2024 17:00;163715
07.01.2024 17:10;167431
07.01.2024 17:20;164670
07.01.2024 17:30;162584
07.01.2024 17:40;164922
07.01.2024 17:50;163708
07.01.2024 18:00;165991
07.01.2024 18:10;163751
07.01.2024 18:20;164061
07.01.2024 18:30;161896
07.01.2024 18:40;164052
07.01.2024 18:50;161094
07.01.2024 19:00;150216
07.01.2024 19:10;153733
07.01.2024 19:20;153771
07.01.2024 19:30;153230
07.01.2024 19:40;151142
07.01.2024 19:50;152520
07.01.2024 20:00;152587
07.01.2024 20:10;150854
07.01.2024 20:20;154847
07.01.2024 20:30;153908
07.01.2024 20:40;152261
07.01.2024 20:50;152632
07.01.2024 21:00;142501
07.01.2024 21:10;139125
07.01.2024 21:20;141817
07.01.2024 21:30;141165
07.01.2024 21:40;140686
07.01.2024 21:50;141766
07.01.2024 22:00;144885
07.01.2024 22:10;143149
07.01.2024 22:20;141331
07.01.2024 22:30;143047
07.01.2024 22:40;144287
07.01.2024 22:50;143575
07.01.2024 23:00;142277
07.01.2024 23:10;141218
07.01.2024 23:20;143235
07.01.2024 23:30;142778
07.01.2024 23:40;143531
07.01.2024 23:50;143141
08.01.2024 00:00;160694
08.01.2024 00:10;158317
08.01.2024 00:20;161096
08.01.2024 00:30;159416
08.01.2024 00:40;162233
08.01.2024 00:50;158086
08.01.2024 01:00;161724
08.01.2024 01:10;159417
08.01.2024 01:20;158143
08.01.2024 01:30;158394
08.01.2024 01:40;158639
08.01.2024 01:50;159756
08.01.2024 02:00;159904
08.01.2024 02:10;158259
08.01.2024 02:20;159083
08.01.2024 02:30;162333
08.01.2024 02:40;161711
08.01.2024 02:50;159774
08.01.2024 03:00;159177
08.01.2024 03:10;159300
08.01.2024 03:20;160040
08.01.2024 03:30;157586
08.01.2024 03:40;158734
08.01.2024 03:50;156617
08.01.2024 04:00;159719
08.01.2024 04:10;160091
08.01.2024 04:20;158395
08.01.2024 04:30;161481
08.01.2024 04:40;157281
08.01.2024 04:50;156923
08.01.2024 05:00;159457
08.01.2024 05:10;162731
08.01.2024 05:20;165726
08.01.2024 05:30;164552
08.01.2024 05:40;168898
08.01.2024 05:50;169262
08.01.2024 06:00;171101
08.01.2024 06:10;174725
08.01.2024 06:20;176418
08.01.2024 06:30;175115
08.01.2024 06:40;181735
08.01.2024 06:50;183630
08.01.2024 07:00;182662
08.01.2024 07:10;185554
08.01.2024 07:20;187061
08.01.2024 07:30;188071
08.01.2024 07:40;188215
08.01.2024 07:50;189393
08.01.2024 08:00;191722
08.01.2024 08:10;194879
08.01.2024 08:20;195295
08.01.2024 08:30;195284
08.01.2024 08:40;198358
08.01.2024 08:50;194287
08.01.2024 09:00;201643
08.01.2024 09:10;197310
08.01.2024 09:20;199376
08.01.2024 09:30;198240
08.01.2024 09:40;197978
08.01.2024 09:50;201661
08.01.2024 10:00;199218
08.01.2024 10:10;200440
08.01.2024 10:20;199850
08.01.2024 10:30;200636
08.01.2024 10:40;200035
08.01.2024 10:50;197996
08.01.2024 11:00;201414
08.01.2024 11:10;199179
08.01.2024 11:20;197585
08.01.2024 11:30;199278
08.01.2024 11:40;202171
08.01.2024 11:50;201195
08.01.2024 12:00;191237
08.01.2024 12:10;191236
08.01.2024 12:20;191278
08.01.2024 12:30;194875
08.01.2024 12:40;192333
08.01.2024 12:50;192405
08.01.2024 13:00;199425
08.01.2024 13:10;198238
08.01.2024 13:20;197491
08.01.2024 13:30;197585
08.01.2024 13:40;197773
08.01.2024 13:50;197824
08.01.2024 14:00;198971
08.01.2024 14:10;197958
08.01.2024 14:20;198979
08.01.2024 14:30;197759
08.01.2024 14:40;197998
08.01.2024 14:50;194883
08.01.2024 15:00;199254
08.01.2024 15:10;198400
08.01.2024 15:20;199377
08.01.2024 15:30;193536
08.01.2024 15:40;201013
08.01.2024 15:50;197671
08.01.2024 16:00;199542
08.01.2024 16:10;196320
08.01.2024 16:20;198799
08.01.2024 16:30;196300
08.01.2024 16:40;196944
08.01.2024 16:50;200751
08.01.2024 17:00;193514
08.01.2024 17:10;194126
08.01.2024 17:20;195105
08.01.2024 17:30;194544
08.01.2024 17:40;194026
08.01.2024 17:50;194347
08.01.2024 18:00;197405
08.01.2024 18:10;193714
08.01.2024 18:20;194102
08.01.2024 18:30;195376
08.01.2024 18:40;195458
08.01.2024 18:50;195581
08.01.2024 19:00;180478
08.01.2024 19:10;177805
08.01.2024 19:20;181970
08.01.2024 19:30;177800
08.01.2024 19:40;179974
08.01.2024 19:50;178389
08.01.2024 20:00;179424
08.01.2024 20:10;180013
08.01.2024 20:20;180002
08.01.2024 20:30;180153
08.01.2024 20:40;181941
08.01.2024 20:50;180200
08.01.2024 21:00;166914
08.01.2024 21:10;168726
08.01.2024 21:20;169064
08.01.2024 21:30;165439
08.01.2024 21:40;168176
08.01.2024 21:50;168332
08.01.2024 22:00;166834
08.01.2024 22:10;169344
08.01.2024 22:20;167055
08.01.2024 22:30;167468
08.01.2024 22:40;167020
08.01.2024 22:50;167303
08.01.2024 23:00;165636
08.01.2024 23:10;165120
08.01.2024 23:20;169672
08.01.2024 23:30;166010
08.01.2024 23:40;165793
08.01.2024 23:50;164050
09.01.2024 00:00;158162
09.01.2024 00:10;157135
09.01.2024 00:20;161583
09.01.2024 00:30;160635
09.01.2024 00:40;158088
09.01.2024 00:50;162499
09.01.2024 01:00;160593
09.01.2024 01:10;158633
09.01.2024 01:20;155371
09.01.2024 01:30;162556
09.01.2024 01:40;157036
09.01.2024 01:50;156652
09.01.2024 02:00;160654
09.01.2024 02:10;162780
09.01.2024 02:20;161196
09.01.2024 02:30;159966
09.01.2024 02:40;160012
09.01.2024 02:50;160400
09.01.2024 03:00;160258
09.01.2024 03:10;159542
09.01.2024 03:20;159276
09.01.2024 03:30;159026
09.01.2024 03:40;157989
09.01.2024 03:50;158699
09.01.2024 04:00;156581
09.01.2024 04:10;158972
09.01.2024 04:20;157637
09.01.2024 04:30;157465
09.01.2024 04:40;159390
09.01.2024 04:50;161208
09.01.2024 05:00;160497
09.01.2024 05:10;158804
09.01.2024 05:20;161716
09.01.2024 05:30;166651
09.01.2024 05:40;165806
09.01.2024 05:50;168983
09.01.2024 06:00;172185
09.01.2024 06:10;171947
09.01.2024 06:20;175598
09.01.2024 06:30;175479
09.01.2024 06:40;178618
09.01.2024 06:50;182040
09.01.2024 07:00;181211
09.01.2024 07:10;185621
09.01.2024 07:20;186291
09.01.2024 07:30;188509
09.01.2024 07:40;189376
09.01.2024 07:50;192446
09.01.2024 08:00;191948
09.01.2024 08:10;192476
09.01.2024 08:20;194663
09.01.2024 08:30;196655
09.01.2024 08:40;197273
09.01.2024 08:50;198621
09.01.2024 09:00;198867
09.01.2024 09:10;198926
09.01.2024 09:20;197816
09.01.2024 09:30;202544
09.01.2024 09:40;198054
09.01.2024 09:50;198881
09.01.2024 10:00;198842
09.01.2024 10:10;201262
09.01.2024 10:20;199478
09.01.2024 10:30;201792
09.01.2024 10:40;198910
09.01.2024 10:50;200338
09.01.2024 11:00;198667
09.01.2024 11:10;203138
09.01.2024 11:20;198139
09.01.2024 11:30;200385
09.01.2024 11:40;200871
09.01.2024 11:50;200541
09.01.2024 12:00;191482
09.01.2024 12:10;191565
09.01.2024 12:20;191826
09.01.2024 12:30;191539
09.01.2024 12:40;193206
09.01.2024 12:50;195076
09.01.2024 13:00;197044
09.01.2024 13:10;195825
09.01.2024 13:20;197748
09.01.2024 13:30;201750
09.01.2024 13:40;196674
09.01.2024 13:50;200339
09.01.2024 14:00;200397
09.01.2024 14:10;197050
09.01.2024 14:20;198733
09.01.2024 14:30;200323
09.01.2024 14:40;197311
09.01.2024 14:50;197575
09.01.2024 15:00;197007
09.01.2024 15:10;196358
09.01.2024 15:20;196906
09.01.2024 15:30;196044
09.01.2024 15:40;197931
09.01.2024 15:50;196725
09.01.2024 16:00;198231
09.01.2024 16:10;195546
09.01.2024 16:20;198376
09.01.2024 16:30;199130
09.01.2024 16:40;194889
09.01.2024 16:50;198441
09.01.2024 17:00;195642
09.01.2024 17:10;191986
09.01.2024 17:20;196309
09.01.2024 17:30;194429
09.01.2024 17:40;192742
09.01.2024 17:50;193716
09.01.2024 18:00;194637
09.01.2024 18:10;193914
09.01.2024 18:20;194608
09.01.2024 18:30;192419
09.01.2024 18:40;194054
09.01.2024 18:50;191679
09.01.2024 19:00;179353
09.01.2024 19:10;178164
09.01.2024 19:20;178417
09.01.2024 19:30;181374
09.01.2024 19:40;181157
09.01.2024 19:50;180434
09.01.2024 20:00;177882
09.01.2024 20:10;179045
09.01.2024 20:20;181340
09.01.2024 20:30;179733
09.01.2024 20:40;182999
09.01.2024 20:50;180110
09.01.2024 21:00;167568
09.01.2024 21:10;166816
09.01.2024 21:20;167480
09.01.2024 21:30;167051
09.01.2024 21:40;168342
09.01.2024 21:50;168715
09.01.2024 22:00;166101
09.01.2024 22:10;165283
09.01.2024 22:20;164526
09.01.2024 22:30;168042
09.01.2024 22:40;165625
09.01.2024 22:50;164051
09.01.2024 23:00;167863
09.01.2024 23:10;171019
09.01.2024 23:20;167271
09.01.2024 23:30;168538
09.01.2024 23:40;167403
09.01.2024 23:50;167132
10.01.2024 00:00;160499
10.01.2024 00:10;158685
10.01.2024 00:20;159521
10.01.2024 00:30;159603
10.01.2024 00:40;158118
10.01.2024 00:50;160608
10.01.2024 01:00;158858
10.01.2024 01:10;157986
10.01.2024 01:20;159925
10.01.2024 01:30;157772
10.01.2024 01:40;159162
10.01.2024 01:50;159106
10.01.2024 02:00;160749
10.01.2024 02:10;159832
10.01.2024 02:20;159082
10.01.2024 02:30;160347
10.01.2024 02:40;161205
10.01.2024 02:50;159957
10.01.2024 03:00;159136
10.01.2024 03:10;157152
10.01.2024 03:20;157522
10.01.2024 03:30;158662
10.01.2024 03:40;158206
10.01.2024 03:50;158840
10.01.2024 04:00;159205
10.01.2024 04:10;159915
10.01.2024 04:20;159014
10.01.2024 04:30;159850
10.01.2024 04:40;159217
10.01.2024 04:50;156157
10.01.2024 05:00;157711
10.01.2024 05:10;160944
10.01.2024 05:20;161385
10.01.2024 05:30;166140
10.01.2024 05:40;169576
10.01.2024 05:50;171148
10.01.2024 06:00;171040
10.01.2024 06:10;175636
10.01.2024 06:20;175663
10.01.2024 06:30;176974
10.01.2024 06:40;178600
10.01.2024 06:50;181106
10.01.2024 07:00;183018
10.01.2024 07:10;185216
10.01.2024 07:20;186561
10.01.2024 07:30;187685
10.01.2024 07:40;189695
10.01.2024 07:50;192186
10.01.2024 08:00;193184
10.01.2024 08:10;190893
10.01.2024 08:20;190649
10.01.2024 08:30;197241
10.01.2024 08:40;195150
10.01.2024 08:50;198223
10.01.2024 09:00;198165
10.01.2024 09:10;197217
10.01.2024 09:20;200732
10.01.2024 09:30;201059
10.01.2024 09:40;199055
10.01.2024 09:50;196033
10.01.2024 10:00;199101
10.01.2024 10:10;200508
10.01.2024 10:20;197702
10.01.2024 10:30;200195
10.01.2024 10:40;199897
10.01.2024 10:50;200789
10.01.2024 11:00;200099
10.01.2024 11:10;198460
10.01.2024 11:20;201715
10.01.2024 11:30;199682
10.01.2024 11:40;199879
10.01.2024 11:50;198520
10.01.2024 12:00;191095
10.01.2024 12:10;190433
10.01.2024 12:20;191501
10.01.2024 12:30;194328
10.01.2024 12:40;189702
10.01.2024 12:50;189340
10.01.2024 13:00;200087
10.01.2024 13:10;197566
10.01.2024 13:20;196876
10.01.2024 13:30;199440
10.01.2024 13:40;196972
10.01.2024 13:50;200619
10.01.2024 14:00;198897
10.01.2024 14:10;197148
10.01.2024 14:20;201116
10.01.2024 14:30;196971
10.01.2024 14:40;198993
10.01.2024 14:50;198329
10.01.2024 15:00;199833
10.01.2024 15:10;200222
10.01.2024 15:20;197928
10.01.2024 15:30;196750
10.01.2024 15:40;198570
10.01.2024 15:50;196863
10.01.2024 16:00;200900
10.01.2024 16:10;198085
10.01.2024 16:20;197332
10.01.2024 16:30;198157
10.01.2024 16:40;195859
10.01.2024 16:50;196423
10.01.2024 17:00;195601
10.01.2024 17:10;192815
10.01.2024 17:20;192230
10.01.2024 17:30;194605
10.01.2024 17:40;195579
10.01.2024 17:50;194878
10.01.2024 18:00;195294
10.01.2024 18:10;192665
10.01.2024 18:20;191667
10.01.2024 18:30;196052
10.01.2024 18:40;193316
10.01.2024 18:50;193424
10.01.2024 19:00;181512
10.01.2024 19:10;180354
10.01.2024 19:20;180204
10.01.2024 19:30;182768
10.01.2024 19:40;178555
10.01.2024 19:50;180912
10.01.2024 20:00;179606
10.01.2024 20:10;179923
10.01.2024 20:20;181813
10.01.2024 20:30;180282
10.01.2024 20:40;180327
10.01.2024 20:50;181129
10.01.2024 21:00;166733
10.01.2024 21:10;166021
10.01.2024 21:20;165713
10.01.2024 21:30;164330
10.01.2024 21:40;170364
10.01.2024 21:50;165625
10.01.2024 22:00;166948
10.01.2024 22:10;166865
10.01.2024 22:20;167741
10.01.2024 22:30;168504
10.01.2024 22:40;168571
10.01.2024 22:50;166405
10.01.2024 23:00;167029
10.01.2024 23:10;167704
10.01.2024 23:20;166907
10.01.2024 23:30;169691
10.01.2024 23:40;168016
10.01.2024 23:50;168382
11.01.2024 00:00;160114
11.01.2024 00:10;160880
11.01.2024 00:20;159392
11.01.2024 00:30;157175
11.01.2024 00:40;159720
11.01.2024 00:50;158143
11.01.2024 01:00;158327
11.01.2024 01:10;160000
11.01.2024 01:20;160977
11.01.2024 01:30;159152
11.01.2024 01:40;159583
11.01.2024 01:50;161673
11.01.2024 02:00;159481
11.01.2024 02:10;163023
11.01.2024 02:20;159968
11.01.2024 02:30;156479
11.01.2024 02:40;160250
11.01.2024 02:50;159692
11.01.2024 03:00;161055
11.01.2024 03:10;160130
11.01.2024 03:20;158912
11.01.2024 03:30;157284
11.01.2024 03:40;158806
11.01.2024 03:50;157844
11.01.2024 04:00;158249
11.01.2024 04:10;160003
11.01.2024 04:20;161625
11.01.2024 04:30;159712
11.01.2024 04:40;157326
11.01.2024 04:50;159787
11.01.2024 05:00;160915
11.01.2024 05:10;160245
11.01.2024 05:20;162999
11.01.2024 05:30;165262
11.01.2024 05:40;166103
11.01.2024 05:50;170292
11.01.2024 06:00;171179
11.01.2024 06:10;174029
11.01.2024 06:20;174109
11.01.2024 06:30;176824
11.01.2024 06:40;180604
11.01.2024 06:50;181001
11.01.2024 07:00;186190
11.01.2024 07:10;184361
11.01.2024 07:20;186657
11.01.2024 07:30;189079
11.01.2024 07:40;186912
11.01.2024 07:50;187759
11.01.2024 08:00;189472
11.01.2024 08:10;195014
11.01.2024 08:20;193652
11.01.2024 08:30;199677
11.01.2024 08:40;196354
11.01.2024 08:50;198837
11.01.2024 09:00;202233
11.01.2024 09:10;202929
11.01.2024 09:20;203012
11.01.2024 09:30;201733
11.01.2024 09:40;201456
11.01.2024 09:50;200809
11.01.2024 10:00;201088
11.01.2024 10:10;199093
11.01.2024 10:20;198693
11.01.2024 10:30;199915
11.01.2024 10:40;199665
11.01.2024 10:50;199240
11.01.2024 11:00;200965
11.01.2024 11:10;201353
11.01.2024 11:20;200053
11.01.2024 11:30;202136
11.01.2024 11:40;198207
11.01.2024 11:50;199630
11.01.2024 12:00;190685
11.01.2024 12:10;188960
11.01.2024 12:20;191636
11.01.2024 12:30;191577
11.01.2024 12:40;194030
11.01.2024 12:50;192706
11.01.2024 13:00;196344
11.01.2024 13:10;200661
11.01.2024 13:20;199712
11.01.2024 13:30;198753
11.01.2024 13:40;197540
11.01.2024 13:50;196441
11.01.2024 14:00;197322
11.01.2024 14:10;199513
11.01.2024 14:20;200707
11.01.2024 14:30;200195
11.01.2024 14:40;197147
11.01.2024 14:50;196201
11.01.2024 15:00;198091
11.01.2024 15:10;195227
11.01.2024 15:20;198365
11.01.2024 15:30;197659
11.01.2024 15:40;197181
11.01.2024 15:50;195488
11.01.2024 16:00;198650
11.01.2024 16:10;197081
11.01.2024 16:20;196125
11.01.2024 16:30;193572
11.01.2024 16:40;197839
11.01.2024 16:50;200538
11.01.2024 17:00;196292
11.01.2024 17:10;193114
11.01.2024 17:20;192897
11.01.2024 17:30;194503
11.01.2024 17:40;192302
11.01.2024 17:50;194253
11.01.2024 18:00;194949
11.01.2024 18:10;195640
11.01.2024 18:20;193650
11.01.2024 18:30;193494
11.01.2024 18:40;192483
11.01.2024 18:50;192560
11.01.2024 19:00;179180
11.01.2024 19:10;180071
11.01.2024 19:20;180890
11.01.2024 19:30;178315
11.01.2024 19:40;181759
11.01.2024 19:50;179113
11.01.2024 20:00;179488
11.01.2024 20:10;178399
11.01.2024 20:20;175884
11.01.2024 20:30;180846
11.01.2024 20:40;180625
11.01.2024 20:50;179098
11.01.2024 21:00;167380
11.01.2024 21:10;168054
11.01.2024 21:20;164936
11.01.2024 21:30;166486
11.01.2024 21:40;168471
11.01.2024 21:50;165399
11.01.2024 22:00;167720
11.01.2024 22:10;165245
11.01.2024 22:20;167980
11.01.2024 22:30;167227
11.01.2024 22:40;164857
11.01.2024 22:50;169027
11.01.2024 23:00;166178
11.01.2024 23:10;166065
11.01.2024 23:20;167581
11.01.2024 23:30;169003
11.01.2024 23:40;165756
11.01.2024 23:50;167373
12.01.2024 00:00;159763
12.01.2024 00:10;160160
12.01.2024 00:20;159385
12.01.2024 00:30;158569
12.01.2024 00:40;157879
12.01.2024 00:50;159249
12.01.2024 01:00;157512
12.01.2024 01:10;154738
12.01.2024 01:20;159775
12.01.2024 01:30;160476
12.01.2024 01:40;155576
12.01.2024 01:50;157605
12.01.2024 02:00;160049
12.01.2024 02:10;162206
12.01.2024 02:20;159151
12.01.2024 02:30;158028
12.01.2024 02:40;158846
12.01.2024 02:50;161182
12.01.2024 03:00;158151
12.01.2024 03:10;157921
12.01.2024 03:20;158396
12.01.2024 03:30;157690
12.01.2024 03:40;159304
12.01.2024 03:50;161557
12.01.2024 04:00;159605
12.01.2024 04:10;158741
12.01.2024 04:20;158682
12.01.2024 04:30;156775
12.01.2024 04:40;160445
12.01.2024 04:50;159003
12.01.2024 05:00;158849
12.01.2024 05:10;165950
12.01.2024 05:20;163648
12.01.2024 05:30;164112
12.01.2024 05:40;166640
12.01.2024 05:50;171043
12.01.2024 06:00;171530
12.01.2024 06:10;171243
12.01.2024 06:20;176819
12.01.2024 06:30;176478
12.01.2024 06:40;182330
12.01.2024 06:50;183180
12.01.2024 07:00;182929
12.01.2024 07:10;186882
12.01.2024 07:20;186422
12.01.2024 07:30;188959
12.01.2024 07:40;189767
12.01.2024 07:50;189130
12.01.2024 08:00;190795
12.01.2024 08:10;194665
12.01.2024 08:20;193978
12.01.2024 08:30;195235
12.01.2024 08:40;195767
12.01.2024 08:50;199195
12.01.2024 09:00;203014
12.01.2024 09:10;198319
12.01.2024 09:20;199956
12.01.2024 09:30;202038
12.01.2024 09:40;199801
12.01.2024 09:50;200599
12.01.2024 10:00;198326
12.01.2024 10:10;200562
12.01.2024 10:20;199639
12.01.2024 10:30;201399
12.01.2024 10:40;201701
12.01.2024 10:50;203804
12.01.2024 11:00;200789
12.01.2024 11:10;200409
12.01.2024 11:20;200212
12.01.2024 11:30;199390
12.01.2024 11:40;200428
12.01.2024 11:50;199477
12.01.2024 12:00;192013
12.01.2024 12:10;193736
12.01.2024 12:20;190250
12.01.2024 12:30;193470
12.01.2024 12:40;193736
12.01.2024 12:50;191583
12.01.2024 13:00;194697
12.01.2024 13:10;196968
12.01.2024 13:20;199825
12.01.2024 13:30;197846
12.01.2024 13:40;196381
12.01.2024 13:50;197123
12.01.2024 14:00;199141
12.01.2024 14:10;198700
12.01.2024 14:20;197522
12.01.2024 14:30;197330
12.01.2024 14:40;197292
12.01.2024 14:50;196496
12.01.2024 15:00;200303
12.01.2024 15:10;197397
12.01.2024 15:20;199706
12.01.2024 15:30;200162
12.01.2024 15:40;199377
12.01.2024 15:50;197233
12.01.2024 16:00;198486
12.01.2024 16:10;197844
12.01.2024 16:20;196524
12.01.2024 16:30;198367
12.01.2024 16:40;196111
12.01.2024 16:50;199662
12.01.2024 17:00;193103
12.01.2024 17:10;194102
12.01.2024 17:20;194225
12.01.2024 17:30;193412
12.01.2024 17:40;194680
12.01.2024 17:50;193088
12.01.2024 18:00;195107
12.01.2024 18:10;191781
12.01.2024 18:20;193990
12.01.2024 18:30;196708
12.01.2024 18:40;192300
12.01.2024 18:50;192783
12.01.2024 19:00;180291
12.01.2024 19:10;179789
12.01.2024 19:20;180046
12.01.2024 19:30;180254
12.01.2024 19:40;180472
12.01.2024 19:50;181185
12.01.2024 20:00;180135
12.01.2024 20:10;179158
12.01.2024 20:20;180529
12.01.2024 20:30;182370
12.01.2024 20:40;179321
12.01.2024 20:50;178058
12.01.2024 21:00;168941
12.01.2024 21:10;167099
12.01.2024 21:20;164021
12.01.2024 21:30;168551
12.01.2024 21:40;166477
12.01.2024 21:50;167144
12.01.2024 22:00;167778
12.01.2024 22:10;167566
12.01.2024 22:20;168344
12.01.2024 22:30;166627
12.01.2024 22:40;168050
12.01.2024 22:50;166891
12.01.2024 23:00;168388
12.01.2024 23:10;168203
12.01.2024 23:20;165877
12.01.2024 23:30;168909
12.01.2024 23:40;166476
12.01.2024 23:50;168492
13.01.2024 00:00;135803
13.01.2024 00:10;138009
13.01.2024 00:20;134917
13.01.2024 00:30;134728
13.01.2024 00:40;135223
13.01.2024 00:50;134797
13.01.2024 01:00;136452
13.01.2024 01:10;132828
13.01.2024 01:20;133671
13.01.2024 01:30;133650
13.01.2024 01:40;136677
13.01.2024 01:50;137818
13.01.2024 02:00;135095
13.01.2024 02:10;134999
13.01.2024 02:20;135357
13.01.2024 02:30;136995
13.01.2024 02:40;133861
13.01.2024 02:50;135610
13.01.2024 03:00;136715
13.01.2024 03:10;136004
13.01.2024 03:20;135536
13.01.2024 03:30;136754
13.01.2024 03:40;131197
13.01.2024 03:50;136269
13.01.2024 04:00;134271
13.01.2024 04:10;132506
13.01.2024 04:20;136019
13.01.2024 04:30;137312
13.01.2024 04:40;135046
13.01.2024 04:50;136681
13.01.2024 05:00;137670
13.01.2024 05:10;138958
13.01.2024 05:20;141180
13.01.2024 05:30;141567
13.01.2024 05:40;142301
13.01.2024 05:50;141519
13.01.2024 06:00;145287
13.01.2024 06:10;146125
13.01.2024 06:20;152380
13.01.2024 06:30;150594
13.01.2024 06:40;152777
13.01.2024 06:50;155153
13.01.2024 07:00;156125
13.01.2024 07:10;159759
13.01.2024 07:20;157438
13.01.2024 07:30;159820
13.01.2024 07:40;159570
13.01.2024 07:50;159860
13.01.2024 08:00;162078
13.01.2024 08:10;164096
13.01.2024 08:20;164664
13.01.2024 08:30;165425
13.01.2024 08:40;165511
13.01.2024 08:50;168651
13.01.2024 09:00;167675
13.01.2024 09:10;171072
13.01.2024 09:20;170056
13.01.2024 09:30;167746
13.01.2024 09:40;169468
13.01.2024 09:50;168804
13.01.2024 10:00;170411
13.01.2024 10:10;171943
13.01.2024 10:20;167119
13.01.2024 10:30;170105
13.01.2024 10:40;169692
13.01.2024 10:50;170939
13.01.2024 11:00;170252
13.01.2024 11:10;168804
13.01.2024 11:20;169453
13.01.2024 11:30;168738
13.01.2024 11:40;171546
13.01.2024 11:50;169964
13.01.2024 12:00;165848
13.01.2024 12:10;162905
13.01.2024 12:20;161933
13.01.2024 12:30;160725
13.01.2024 12:40;160291
13.01.2024 12:50;160620
13.01.2024 13:00;168599
13.01.2024 13:10;168961
13.01.2024 13:20;165826
13.01.2024 13:30;169541
13.01.2024 13:40;167473
13.01.2024 13:50;168418
13.01.2024 14:00;170616
13.01.2024 14:10;169543
13.01.2024 14:20;167795
13.01.2024 14:30;166861
13.01.2024 14:40;164970
13.01.2024 14:50;167119
13.01.2024 15:00;167881
13.01.2024 15:10;166717
13.01.2024 15:20;168001
13.01.2024 15:30;168313
13.01.2024 15:40;167861
13.01.2024 15:50;167223
13.01.2024 16:00;168451
13.01.2024 16:10;168861
13.01.2024 16:20;166562
13.01.2024 16:30;170314
13.01.2024 16:40;168050
13.01.2024 16:50;168226
13.01.2024 17:00;165792
13.01.2024 17:10;165080
13.01.2024 17:20;166160
13.01.2024 17:30;165161
13.01.2024 17:40;163811
13.01.2024 17:50;165272
13.01.2024 18:00;163014
13.01.2024 18:10;164893
13.01.2024 18:20;164680
13.01.2024 18:30;164418
13.01.2024 18:40;164537
13.01.2024 18:50;161907
13.01.2024 19:00;151769
13.01.2024 19:10;152731
13.01.2024 19:20;152832
13.01.2024 19:30;151050
13.01.2024 19:40;154491
13.01.2024 19:50;151293
13.01.2024 20:00;154046
13.01.2024 20:10;153233
13.01.2024 20:20;151623
13.01.2024 20:30;155255
13.01.2024 20:40;150802
13.01.2024 20:50;153971
13.01.2024 21:00;143689
13.01.2024 21:10;141182
13.01.2024 21:20;144277
13.01.2024 21:30;141813
13.01.2024 21:40;142621
13.01.2024 21:50;142578
13.01.2024 22:00;141987
13.01.2024 22:10;143404
13.01.2024 22:20;143378
13.01.2024 22:30;139565
13.01.2024 22:40;144145
13.01.2024 22:50;139694
13.01.2024 23:00;143737
13.01.2024 23:10;143878
13.01.2024 23:20;140552
13.01.2024 23:30;141572
13.01.2024 23:40;140529
13.01.2024 23:50;141866
14.01.2024 00:00;134790
14.01.2024 00:10;136421
14.01.2024 00:20;137217
14.01.2024 00:30;137346
14.01.2024 00:40;134409
14.01.2024 00:50;134938
14.01.2024 01:00;132727
14.01.2024 01:10;134043
14.01.2024 01:20;136699
14.01.2024 01:30;137675
14.01.2024 01:40;133400
14.01.2024 01:50;134363
14.01.2024 02:00;135212
14.01.2024 02:10;135672
14.01.2024 02:20;134038
14.01.2024 02:30;135888
14.01.2024 02:40;134541
14.01.2024 02:50;135230
14.01.2024 03:00;136071
14.01.2024 03:10;135262
14.01.2024 03:20;134597
14.01.2024 03:30;135088
14.01.2024 03:40;135119
14.01.2024 03:50;134697
14.01.2024 04:00;134864
14.01.2024 04:10;137650
14.01.2024 04:20;136093
14.01.2024 04:30;134809
14.01.2024 04:40;136297
14.01.2024 04:50;134751
14.01.2024 05:00;137012
14.01.2024 05:10;137540
14.01.2024 05:20;138559
14.01.2024 05:30;141126
14.01.2024 05:40;139832
14.01.2024 05:50;142232
14.01.2024 06:00;143865
14.01.2024 06:10;147604
14.01.2024 06:20;151723
14.01.2024 06:30;154205
14.01.2024 06:40;153549
14.01.2024 06:50;155077
14.01.2024 07:00;153358
14.01.2024 07:10;156402
14.01.2024 07:20;157190
14.01.2024 07:30;158597
14.01.2024 07:40;160432
14.01.2024 07:50;161132
14.01.2024 08:00;160027
14.01.2024 08:10;165274
14.01.2024 08:20;163699
14.01.2024 08:30;166823
14.01.2024 08:40;170731
14.01.2024 08:50;167397
14.01.2024 09:00;166137
14.01.2024 09:10;169503
14.01.2024 09:20;171583
14.01.2024 09:30;172870
14.01.2024 09:40;168088
14.01.2024 09:50;170677
14.01.2024 10:00;169234
14.01.2024 10:10;169773
14.01.2024 10:20;173899
14.01.2024 10:30;167678
14.01.2024 10:40;170313
14.01.2024 10:50;170634
14.01.2024 11:00;171561
14.01.2024 11:10;170079
14.01.2024 11:20;170394
14.01.2024 11:30;169345
14.01.2024 11:40;170336
14.01.2024 11:50;169417
14.01.2024 12:00;163928
14.01.2024 12:10;162442
14.01.2024 12:20;163562
14.01.2024 12:30;162952
14.01.2024 12:40;164685
14.01.2024 12:50;162919
14.01.2024 13:00;165538
14.01.2024 13:10;170091
14.01.2024 13:20;166839
14.01.2024 13:30;167217
14.01.2024 13:40;167305
14.01.2024 13:50;170260
14.01.2024 14:00;164994
14.01.2024 14:10;172905
14.01.2024 14:20;169782
14.01.2024 14:30;168533
14.01.2024 14:40;168116
14.01.2024 14:50;168626
14.01.2024 15:00;168980
14.01.2024 15:10;169166
14.01.2024 15:20;169031
14.01.2024 15:30;168332
14.01.2024 15:40;167902
14.01.2024 15:50;167971
14.01.2024 16:00;167906
14.01.2024 16:10;169899
14.01.2024 16:20;169088
14.01.2024 16:30;163787
14.01.2024 16:40;169182
14.01.2024 16:50;168490
14.01.2024 17:00;164702
14.01.2024 17:10;164147
14.01.2024 17:20;166416
14.01.2024 17:30;166151
14.01.2024 17:40;163571
14.01.2024 17:50;165341
14.01.2024 18:00;163273
14.01.2024 18:10;162661
14.01.2024 18:20;163790
14.01.2024 18:30;166024
14.01.2024 18:40;166160
14.01.2024 18:50;165500
14.01.2024 19:00;153680
14.01.2024 19:10;153366
14.01.2024 19:20;151630
14.01.2024 19:30;153240
14.01.2024 19:40;153793
14.01.2024 19:50;153723
14.01.2024 20:00;154375
14.01.2024 20:10;153654
14.01.2024 20:20;153119
14.01.2024 20:30;154197
14.01.2024 20:40;152552
14.01.2024 20:50;151269
14.01.2024 21:00;141943
14.01.2024 21:10;141071
14.01.2024 21:20;141175
14.01.2024 21:30;141971
14.01.2024 21:40;140999
14.01.2024 21:50;141726
14.01.2024 22:00;139348
14.01.2024 22:10;142508
14.01.2024 22:20;142190
14.01.2024 22:30;140962
14.01.2024 22:40;143177
14.01.2024 22:50;143594
14.01.2024 23:00;139777
14.01.2024 23:10;141044
14.01.2024 23:20;141034
14.01.2024 23:30;140778
14.01.2024 23:40;143432
14.01.2024 23:50;141897
15.01.2024 00:00;158723
15.01.2024 00:10;156114
15.01.2024 00:20;160073
15.01.2024 00:30;157261
15.01.2024 00:40;159210
15.01.2024 00:50;159536
15.01.2024 01:00;161161
15.01.2024 01:10;157157
15.01.2024 01:20;154591
15.01.2024 01:30;159396
15.01.2024 01:40;161821
15.01.2024 01:50;160978
15.01.2024 02:00;159434
15.01.2024 02:10;158383
15.01.2024 02:20;160331
15.01.2024 02:30;157660
15.01.2024 02:40;159835
15.01.2024 02:50;159878
15.01.2024 03:00;160710
15.01.2024 03:10;163259
15.01.2024 03:20;159709
15.01.2024 03:30;158357
15.01.2024 03:40;159082
15.01.2024 03:50;156466
15.01.2024 04:00;158078
15.01.2024 04:10;158506
15.01.2024 04:20;158334
15.01.2024 04:30;159349
15.01.2024 04:40;157886
15.01.2024 04:50;160802
15.01.2024 05:00;159120
15.01.2024 05:10;161146
15.01.2024 05:20;162708
15.01.2024 05:30;165473
15.01.2024 05:40;168518
15.01.2024 05:50;168019
15.01.2024 06:00;170373
15.01.2024 06:10;172944
15.01.2024 06:20;173421
15.01.2024 06:30;176251
15.01.2024 06:40;178806
15.01.2024 06:50;182872
15.01.2024 07:00;183994
15.01.2024 07:10;185250
15.01.2024 07:20;187596
15.01.2024 07:30;187474
15.01.2024 07:40;189626
15.01.2024 07:50;190245
15.01.2024 08:00;192158
15.01.2024 08:10;192246
15.01.2024 08:20;190822
15.01.2024 08:30;195639
15.01.2024 08:40;199334
15.01.2024 08:50;199949
15.01.2024 09:00;201368
15.01.2024 09:10;201774
15.01.2024 09:20;200053
15.01.2024 09:30;200216
15.01.2024 09:40;198994
15.01.2024 09:50;199446
15.01.2024 10:00;200844
15.01.2024 10:10;201726
15.01.2024 10:20;199711
15.01.2024 10:30;199245
15.01.2024 10:40;199921
15.01.2024 10:50;200822
15.01.2024 11:00;197754
15.01.2024 11:10;196476
15.01.2024 11:20;199094
15.01.2024 11:30;198089
15.01.2024 11:40;199158
15.01.2024 11:50;199698
15.01.2024 12:00;191080
15.01.2024 12:10;193939
15.01.2024 12:20;192250
15.01.2024 12:30;192211
15.01.2024 12:40;192693
15.01.2024 12:50;190052
15.01.2024 13:00;199439
15.01.2024 13:10;197766
15.01.2024 13:20;198886
15.01.2024 13:30;196272
15.01.2024 13:40;195549
15.01.2024 13:50;199107
15.01.2024 14:00;198445
15.01.2024 14:10;196527
15.01.2024 14:20;196576
15.01.2024 14:30;199568
15.01.2024 14:40;196096
15.01.2024 14:50;200344
15.01.2024 15:00;196529
15.01.2024 15:10;198838
15.01.2024 15:20;197387
15.01.2024 15:30;198785
15.01.2024 15:40;197064
15.01.2024 15:50;197636
15.01.2024 16:00;197941
15.01.2024 16:10;196377
15.01.2024 16:20;198991
15.01.2024 16:30;197110
15.01.2024 16:40;197537
15.01.2024 16:50;196388
15.01.2024 17:00;189956
15.01.2024 17:10;193513
15.01.2024 17:20;197419
15.01.2024 17:30;194977
15.01.2024 17:40;193771
15.01.2024 17:50;193406
15.01.2024 18:00;193834
15.01.2024 18:10;194621
15.01.2024 18:20;192029
15.01.2024 18:30;195471
15.01.2024 18:40;194873
15.01.2024 18:50;194877
15.01.2024 19:00;180178
15.01.2024 19:10;179549
15.01.2024 19:20;180529
15.01.2024 19:30;180408
15.01.2024 19:40;178989
15.01.2024 19:50;178660
15.01.2024 20:00;179673
15.01.2024 20:10;181844
15.01.2024 20:20;177661
15.01.2024 20:30;177319
15.01.2024 20:40;179767
15.01.2024 20:50;179596
15.01.2024 21:00;167540
15.01.2024 21:10;167646
15.01.2024 21:20;166945
15.01.2024 21:30;169515
15.01.2024 21:40;164879
15.01.2024 21:50;166037
15.01.2024 22:00;167125
15.01.2024 22:10;164815
15.01.2024 22:20;167016
15.01.2024 22:30;169772
15.01.2024 22:40;167311
15.01.2024 22:50;167626
15.01.2024 23:00;165390
15.01.2024 23:10;166355
15.01.2024 23:20;166717
15.01.2024 23:30;166803
15.01.2024 23:40;169202
15.01.2024 23:50;168117
16.01.2024 00:00;157453
16.01.2024 00:10;159490
16.01.2024 00:20;159867
16.01.2024 00:30;160830
16.01.2024 00:40;161491
16.01.2024 00:50;157597
16.01.2024 01:00;157904
16.01.2024 01:10;157234
16.01.2024 01:20;158769
16.01.2024 01:30;159820
16.01.2024 01:40;160601
16.01.2024 01:50;159006
16.01.2024 02:00;158640
16.01.2024 02:10;159348
16.01.2024 02:20;157867
16.01.2024 02:30;162254
16.01.2024 02:40;156709
16.01.2024 02:50;159397
16.01.2024 03:00;162155
16.01.2024 03:10;159130
16.01.2024 03:20;158835
16.01.2024 03:30;158584
16.01.2024 03:40;158849
16.01.2024 03:50;161179
16.01.2024 04:00;155802
16.01.2024 04:10;161420
16.01.2024 04:20;156984
16.01.2024 04:30;158720
16.01.2024 04:40;158476
16.01.2024 04:50;160003
16.01.2024 05:00;156723
16.01.2024 05:10;161853
16.01.2024 05:20;166236
16.01.2024 05:30;163195
16.01.2024 05:40;167565
16.01.2024 05:50;168327
16.01.2024 06:00;171999
16.01.2024 06:10;173429
16.01.2024 06:20;174478
16.01.2024 06:30;178212
16.01.2024 06:40;182227
16.01.2024 06:50;181274
16.01.2024 07:00;184680
16.01.2024 07:10;183020
16.01.2024 07:20;184885
16.01.2024 07:30;188389
16.01.2024 07:40;191266
16.01.2024 07:50;190933
16.01.2024 08:00;191290
16.01.2024 08:10;193119
16.01.2024 08:20;192604
16.01.2024 08:30;196747
16.01.2024 08:40;198523
16.01.2024 08:50;197882
16.01.2024 09:00;199215
16.01.2024 09:10;200319
16.01.2024 09:20;199265
16.01.2024 09:30;199821
16.01.2024 09:40;203070
16.01.2024 09:50;199549
16.01.2024 10:00;199382
16.01.2024 10:10;198949
16.01.2024 10:20;201036
16.01.2024 10:30;199648
16.01.2024 10:40;198946
16.01.2024 10:50;201902
16.01.2024 11:00;202049
16.01.2024 11:10;199019
16.01.2024 11:20;197120
16.01.2024 11:30;201431
16.01.2024 11:40;198893
16.01.2024 11:50;201106
16.01.2024 12:00;188805
16.01.2024 12:10;193099
16.01.2024 12:20;189943
16.01.2024 12:30;192856
16.01.2024 12:40;191781
16.01.2024 12:50;190329
16.01.2024 13:00;197269
16.01.2024 13:10;198909
16.01.2024 13:20;198039
16.01.2024 13:30;198757
16.01.2024 13:40;200845
16.01.2024 13:50;195534
16.01.2024 14:00;200306
16.01.2024 14:10;198037
16.01.2024 14:20;196532
16.01.2024 14:30;195885
16.01.2024 14:40;197596
16.01.2024 14:50;199262
16.01.2024 15:00;197689
16.01.2024 15:10;200147
16.01.2024 15:20;195703
16.01.2024 15:30;197862
16.01.2024 15:40;196001
16.01.2024 15:50;198425
16.01.2024 16:00;199210
16.01.2024 16:10;197249
16.01.2024 16:20;193974
16.01.2024 16:30;198178
16.01.2024 16:40;198535
16.01.2024 16:50;198486
16.01.2024 17:00;195654
16.01.2024 17:10;192193
16.01.2024 17:20;194820
16.01.2024 17:30;195589
16.01.2024 17:40;191132
16.01.2024 17:50;194279
16.01.2024 18:00;193044
16.01.2024 18:10;193678
16.01.2024 18:20;194322
16.01.2024 18:30;193069
16.01.2024 18:40;192786
16.01.2024 18:50;193851
16.01.2024 19:00;177889
16.01.2024 19:10;177891
16.01.2024 19:20;180539
16.01.2024 19:30;177797
16.01.2024 19:40;180519
16.01.2024 19:50;180214
16.01.2024 20:00;176931
16.01.2024 20:10;178504
16.01.2024 20:20;181311
16.01.2024 20:30;178048
16.01.2024 20:40;178823
16.01.2024 20:50;180213
16.01.2024 21:00;168455
16.01.2024 21:10;166903
16.01.2024 21:20;166384
16.01.2024 21:30;169414
16.01.2024 21:40;169888
16.01.2024 21:50;168748
16.01.2024 22:00;167408
16.01.2024 22:10;166068
16.01.2024 22:20;166034
16.01.2024 22:30;168064
16.01.2024 22:40;167908
16.01.2024 22:50;169382
16.01.2024 23:00;168256
16.01.2024 23:10;165025
16.01.2024 23:20;168858
16.01.2024 23:30;165783
16.01.2024 23:40;166704
16.01.2024 23:50;167655
17.01.2024 00:00;162114
17.01.2024 00:10;163785
17.01.2024 00:20;160030
17.01.2024 00:30;158845
17.01.2024 00:40;159922
17.01.2024 00:50;160451
17.01.2024 01:00;158639
17.01.2024 01:10;161813
17.01.2024 01:20;159465
17.01.2024 01:30;159867
17.01.2024 01:40;160119
17.01.2024 01:50;159752
17.01.2024 02:00;160378
17.01.2024 02:10;158194
17.01.2024 02:20;158283
17.01.2024 02:30;157470
17.01.2024 02:40;159779
17.01.2024 02:50;160288
17.01.2024 03:00;159807
17.01.2024 03:10;161632
17.01.2024 03:20;159112
17.01.2024 03:30;160123
17.01.2024 03:40;157482
17.01.2024 03:50;158539
17.01.2024 04:00;160163
17.01.2024 04:10;160394
17.01.2024 04:20;158679
17.01.2024 04:30;159013
17.01.2024 04:40;156843
17.01.2024 04:50;158584
17.01.2024 05:00;160456
17.01.2024 05:10;162023
17.01.2024 05:20;163951
17.01.2024 05:30;165315
17.01.2024 05:40;167291
17.01.2024 05:50;168330
17.01.2024 06:00;172408
17.01.2024 06:10;174031
17.01.2024 06:20;176178
17.01.2024 06:30;176691
17.01.2024 06:40;176290
17.01.2024 06:50;183206
17.01.2024 07:00;182882
17.01.2024 07:10;183666
17.01.2024 07:20;187360
17.01.2024 07:30;187092
17.01.2024 07:40;190630
17.01.2024 07:50;191326
17.01.2024 08:00;192785
17.01.2024 08:10;191071
17.01.2024 08:20;196298
17.01.2024 08:30;196232
17.01.2024 08:40;196646
17.01.2024 08:50;198775
17.01.2024 09:00;197256
17.01.2024 09:10;200533
17.01.2024 09:20;198376
17.01.2024 09:30;197891
17.01.2024 09:40;197636
17.01.2024 09:50;201589
17.01.2024 10:00;198976
17.01.2024 10:10;202221
17.01.2024 10:20;199116
17.01.2024 10:30;197359
17.01.2024 10:40;198245
17.01.2024 10:50;201774
17.01.2024 11:00;199686
17.01.2024 11:10;199098
17.01.2024 11:20;200160
17.01.2024 11:30;200673
17.01.2024 11:40;201596
17.01.2024 11:50;202093
17.01.2024 12:00;191220
17.01.2024 12:10;189771
17.01.2024 12:20;191140
17.01.2024 12:30;192150
17.01.2024 12:40;190314
17.01.2024 12:50;190324
17.01.2024 13:00;198396
17.01.2024 13:10;197807
17.01.2024 13:20;197929
17.01.2024 13:30;196742
17.01.2024 13:40;197534
17.01.2024 13:50;196494
17.01.2024 14:00;199215
17.01.2024 14:10;199433
17.01.2024 14:20;195111
17.01.2024 14:30;196486
17.01.2024 14:40;195635
17.01.2024 14:50;196905
17.01.2024 15:00;197755
17.01.2024 15:10;195706
17.01.2024 15:20;196497
17.01.2024 15:30;196374
17.01.2024 15:40;198191
17.01.2024 15:50;197984
17.01.2024 16:00;196797
17.01.2024 16:10;198145
17.01.2024 16:20;197060
17.01.2024 16:30;197473
17.01.2024 16:40;200390
17.01.2024 16:50;199891
17.01.2024 17:00;191851
17.01.2024 17:10;195045
17.01.2024 17:20;195017
17.01.2024 17:30;192078
17.01.2024 17:40;195028
17.01.2024 17:50;196107
17.01.2024 18:00;192116
17.01.2024 18:10;192424
17.01.2024 18:20;195326
17.01.2024 18:30;194207
17.01.2024 18:40;194627
17.01.2024 18:50;194311
17.01.2024 19:00;180106
17.01.2024 19:10;177530
17.01.2024 19:20;181091
17.01.2024 19:30;181274
17.01.2024 19:40;179176
17.01.2024 19:50;179455
17.01.2024 20:00;177223
17.01.2024 20:10;180291
17.01.2024 20:20;180378
17.01.2024 20:30;179427
17.01.2024 20:40;181207
17.01.2024 20:50;179019
17.01.2024 21:00;168127
17.01.2024 21:10;165751
17.01.2024 21:20;167245
17.01.2024 21:30;167018
17.01.2024 21:40;167618
17.01.2024 21:50;166726
17.01.2024 22:00;167083
17.01.2024 22:10;168519
17.01.2024 22:20;166625
17.01.2024 22:30;164870
17.01.2024 22:40;169904
17.01.2024 22:50;169352
17.01.2024 23:00;165342
17.01.2024 23:10;168315
17.01.2024 23:20;166526
17.01.2024 23:30;167675
17.01.2024 23:40;167721
17.01.2024 23:50;166928
18.01.2024 00:00;157944
18.01.2024 00:10;158084
18.01.2024 00:20;157746
18.01.2024 00:30;157872
18.01.2024 00:40;159019
18.01.2024 00:50;158046
18.01.2024 01:00;160143
18.01.2024 01:10;161351
18.01.2024 01:20;158250
18.01.2024 01:30;159479
18.01.2024 01:40;159870
18.01.2024 01:50;159828
18.01.2024 02:00;159234
18.01.2024 02:10;160234
18.01.2024 02:20;159843
18.01.2024 02:30;157264
18.01.2024 02:40;160424
18.01.2024 02:50;160451
18.01.2024 03:00;157975
18.01.2024 03:10;159177
18.01.2024 03:20;160145
18.01.2024 03:30;158806
18.01.2024 03:40;160729
18.01.2024 03:50;162666
18.01.2024 04:00;157941
18.01.2024 04:10;157048
18.01.2024 04:20;159576
18.01.2024 04:30;160202
18.01.2024 04:40;158774
18.01.2024 04:50;161300
18.01.2024 05:00;157112
18.01.2024 05:10;162199
18.01.2024 05:20;162291
18.01.2024 05:30;167819
18.01.2024 05:40;170269
18.01.2024 05:50;168170
18.01.2024 06:00;170536
18.01.2024 06:10;174689
18.01.2024 06:20;174859
18.01.2024 06:30;177412
18.01.2024 06:40;179558
18.01.2024 06:50;178680
18.01.2024 07:00;183579
18.01.2024 07:10;183925
18.01.2024 07:20;185580
18.01.2024 07:30;189845
18.01.2024 07:40;187155
18.01.2024 07:50;191620
18.01.2024 08:00;191342
18.01.2024 08:10;192700
18.01.2024 08:20;195666
18.01.2024 08:30;196350
18.01.2024 08:40;198056
18.01.2024 08:50;200012
18.01.2024 09:00;199423
18.01.2024 09:10;199002
18.01.2024 09:20;198292
18.01.2024 09:30;198682
18.01.2024 09:40;204344
18.01.2024 09:50;201787
18.01.2024 10:00;197893
18.01.2024 10:10;197936
18.01.2024 10:20;200643
18.01.2024 10:30;200741
18.01.2024 10:40;200743
18.01.2024 10:50;199538
18.01.2024 11:00;199732
18.01.2024 11:10;200412
18.01.2024 11:20;200049
18.01.2024 11:30;196591
18.01.2024 11:40;199575
18.01.2024 11:50;198643
18.01.2024 12:00;192023
18.01.2024 12:10;196238
18.01.2024 12:20;192311
18.01.2024 12:30;191290
18.01.2024 12:40;193143
18.01.2024 12:50;192484
18.01.2024 13:00;198510
18.01.2024 13:10;198790
18.01.2024 13:20;200965
18.01.2024 13:30;196184
18.01.2024 13:40;198590
18.01.2024 13:50;196490
18.01.2024 14:00;198713
18.01.2024 14:10;196502
18.01.2024 14:20;197254
18.01.2024 14:30;197437
18.01.2024 14:40;199344
18.01.2024 14:50;199258
18.01.2024 15:00;196011
18.01.2024 15:10;197962
18.01.2024 15:20;196816
18.01.2024 15:30;195992
18.01.2024 15:40;197554
18.01.2024 15:50;197417
18.01.2024 16:00;201520
18.01.2024 16:10;198529
18.01.2024 16:20;195814
18.01.2024 16:30;197033
18.01.2024 16:40;199412
18.01.2024 16:50;201013
18.01.2024 17:00;191421
18.01.2024 17:10;190980
18.01.2024 17:20;196606
18.01.2024 17:30;194384
18.01.2024 17:40;192498
18.01.2024 17:50;194602
18.01.2024 18:00;189846
18.01.2024 18:10;193805
18.01.2024 18:20;194292
18.01.2024 18:30;195186
18.01.2024 18:40;192279
18.01.2024 18:50;193929
18.01.2024 19:00;178132
18.01.2024 19:10;179903
18.01.2024 19:20;178177
18.01.2024 19:30;178908
18.01.2024 19:40;178026
18.01.2024 19:50;180497
18.01.2024 20:00;180808
18.01.2024 20:10;179168
18.01.2024 20:20;179577
18.01.2024 20:30;177347
18.01.2024 20:40;179070
18.01.2024 20:50;179445
18.01.2024 21:00;171211
18.01.2024 21:10;165612
18.01.2024 21:20;169476
18.01.2024 21:30;168775
18.01.2024 21:40;167701
18.01.2024 21:50;169918
18.01.2024 22:00;167838
18.01.2024 22:10;167864
18.01.2024 22:20;167200
18.01.2024 22:30;169115
18.01.2024 22:40;168925
18.01.2024 22:50;166341
18.01.2024 23:00;165301
18.01.2024 23:10;166976
18.01.2024 23:20;166080
18.01.2024 23:30;167185
18.01.2024 23:40;169136
18.01.2024 23:50;166594
19.01.2024 00:00;159056
19.01.2024 00:10;159207
19.01.2024 00:20;160393
19.01.2024 00:30;155750
19.01.2024 00:40;158210
19.01.2024 00:50;159437
19.01.2024 01:00;160920
19.01.2024 01:10;158382
19.01.2024 01:20;156305
19.01.2024 01:30;160050
19.01.2024 01:40;158167
19.01.2024 01:50;157336
19.01.2024 02:00;158183
19.01.2024 02:10;158843
19.01.2024 02:20;158213
19.01.2024 02:30;155812
19.01.2024 02:40;160466
19.01.2024 02:50;161032
19.01.2024 03:00;160097
19.01.2024 03:10;157413
19.01.2024 03:20;158818
19.01.2024 03:30;159110
19.01.2024 03:40;160018
19.01.2024 03:50;160123
19.01.2024 04:00;158019
19.01.2024 04:10;159243
19.01.2024 04:20;159806
19.01.2024 04:30;161304
19.01.2024 04:40;160177
19.01.2024 04:50;160304
19.01.2024 05:00;159246
19.01.2024 05:10;163276
19.01.2024 05:20;163815
19.01.2024 05:30;163948
19.01.2024 05:40;169385
19.01.2024 05:50;170367
19.01.2024 06:00;170695
19.01.2024 06:10;172681
19.01.2024 06:20;175885
19.01.2024 06:30;178175
19.01.2024 06:40;179816
19.01.2024 06:50;182027
19.01.2024 07:00;186150
19.01.2024 07:10;186567
19.01.2024 07:20;186606
19.01.2024 07:30;189092
19.01.2024 07:40;187491
19.01.2024 07:50;190997
19.01.2024 08:00;194474
19.01.2024 08:10;192793
19.01.2024 08:20;193209
19.01.2024 08:30;194862
19.01.2024 08:40;195566
19.01.2024 08:50;197383
19.01.2024 09:00;199364
19.01.2024 09:10;197812
19.01.2024 09:20;199943
19.01.2024 09:30;201273
19.01.2024 09:40;198558
19.01.2024 09:50;202199
19.01.2024 10:00;200686
19.01.2024 10:10;201466
19.01.2024 10:20;198933
19.01.2024 10:30;201202
19.01.2024 10:40;198282
19.01.2024 10:50;201255
19.01.2024 11:00;200178
19.01.2024 11:10;200750
19.01.2024 11:20;198157
19.01.2024 11:30;198577
19.01.2024 11:40;200816
19.01.2024 11:50;198497
19.01.2024 12:00;192455
19.01.2024 12:10;189709
19.01.2024 12:20;193032
19.01.2024 12:30;189911
19.01.2024 12:40;192588
19.01.2024 12:50;192698
19.01.2024 13:00;196835
19.01.2024 13:10;198753
19.01.2024 13:20;198271
19.01.2024 13:30;197072
19.01.2024 13:40;196367
19.01.2024 13:50;194936
19.01.2024 14:00;198404
19.01.2024 14:10;195533
19.01.2024 14:20;198023
19.01.2024 14:30;197485
19.01.2024 14:40;198899
19.01.2024 14:50;197427
19.01.2024 15:00;197386
19.01.2024 15:10;198978
19.01.2024 15:20;198383
19.01.2024 15:30;198354
19.01.2024 15:40;198584
19.01.2024 15:50;195577
19.01.2024 16:00;199015
19.01.2024 16:10;198799
19.01.2024 16:20;196355
19.01.2024 16:30;197514
19.01.2024 16:40;197821
19.01.2024 16:50;197678
19.01.2024 17:00;194301
19.01.2024 17:10;195947
19.01.2024 17:20;195423
19.01.2024 17:30;191832
19.01.2024 17:40;194733
19.01.2024 17:50;195793
19.01.2024 18:00;194380
19.01.2024 18:10;195436
19.01.2024 18:20;196818
19.01.2024 18:30;195336
19.01.2024 18:40;194174
19.01.2024 18:50;195368
19.01.2024 19:00;179737
19.01.2024 19:10;179556
19.01.2024 19:20;178993
19.01.2024 19:30;181865
19.01.2024 19:40;178292
19.01.2024 19:50;181819
19.01.2024 20:00;180270
19.01.2024 20:10;177421
19.01.2024 20:20;180071
19.01.2024 20:30;176370
19.01.2024 20:40;180458
19.01.2024 20:50;180848
19.01.2024 21:00;166391
19.01.2024 21:10;167465
19.01.2024 21:20;170211
19.01.2024 21:30;166521
19.01.2024 21:40;165692
19.01.2024 21:50;169502
19.01.2024 22:00;170224
19.01.2024 22:10;167286
19.01.2024 22:20;168797
19.01.2024 22:30;169292
19.01.2024 22:40;166166
19.01.2024 22:50;166552
19.01.2024 23:00;169126
19.01.2024 23:10;169808
19.01.2024 23:20;168124
19.01.2024 23:30;165960
19.01.2024 23:40;170261
19.01.2024 23:50;166484
20.01.2024 00:00;134749
20.01.2024 00:10;135766
20.01.2024 00:20;137583
20.01.2024 00:30;136533
20.01.2024 00:40;135874
20.01.2024 00:50;135947
20.01.2024 01:00;135317
20.01.2024 01:10;136089
20.01.2024 01:20;131458
20.01.2024 01:30;134807
20.01.2024 01:40;135614
20.01.2024 01:50;133525
20.01.2024 02:00;135831
20.01.2024 02:10;134945
20.01.2024 02:20;137885
20.01.2024 02:30;137612
20.01.2024 02:40;134553
20.01.2024 02:50;135026
20.01.2024 03:00;135141
20.01.2024 03:10;134575
20.01.2024 03:20;135545
20.01.2024 03:30;134115
20.01.2024 03:40;133556
20.01.2024 03:50;136186
20.01.2024 04:00;136196
20.01.2024 04:10;134046
20.01.2024 04:20;136595
20.01.2024 04:30;134305
20.01.2024 04:40;135632
20.01.2024 04:50;136483
20.01.2024 05:00;135202
20.01.2024 05:10;137668
20.01.2024 05:20;137945
20.01.2024 05:30;140159
20.01.2024 05:40;141879
20.01.2024 05:50;142802
20.01.2024 06:00;145391
20.01.2024 06:10;145067
20.01.2024 06:20;148387
20.01.2024 06:30;150431
20.01.2024 06:40;152208
20.01.2024 06:50;153964
20.01.2024 07:00;155967
20.01.2024 07:10;157935
20.01.2024 07:20;159684
20.01.2024 07:30;158553
20.01.2024 07:40;158879
20.01.2024 07:50;160277
20.01.2024 08:00;162265
20.01.2024 08:10;163624
20.01.2024 08:20;164153
20.01.2024 08:30;164520
20.01.2024 08:40;166936
20.01.2024 08:50;169048
20.01.2024 09:00;170825
20.01.2024 09:10;169096
20.01.2024 09:20;169313
20.01.2024 09:30;168542
20.01.2024 09:40;169885
20.01.2024 09:50;168659
20.01.2024 10:00;170792
20.01.2024 10:10;167253
20.01.2024 10:20;169393
20.01.2024 10:30;170384
20.01.2024 10:40;170208
20.01.2024 10:50;173972
20.01.2024 11:00;170457
20.01.2024 11:10;168426
20.01.2024 11:20;169789
20.01.2024 11:30;167268
20.01.2024 11:40;169811
20.01.2024 11:50;168682
20.01.2024 12:00;164369
20.01.2024 12:10;162172
20.01.2024 12:20;162821
20.01.2024 12:30;162043
20.01.2024 12:40;165604
20.01.2024 12:50;162514
20.01.2024 13:00;170947
20.01.2024 13:10;169419
20.01.2024 13:20;168921
20.01.2024 13:30;168751
20.01.2024 13:40;168789
20.01.2024 13:50;165306
20.01.2024 14:00;167780
20.01.2024 14:10;169466
20.01.2024 14:20;168125
20.01.2024 14:30;166090
20.01.2024 14:40;168119
20.01.2024 14:50;170754
20.01.2024 15:00;170068
20.01.2024 15:10;168105
20.01.2024 15:20;169625
20.01.2024 15:30;167648
20.01.2024 15:40;165642
20.01.2024 15:50;166811
20.01.2024 16:00;170542
20.01.2024 16:10;167787
20.01.2024 16:20;167833
20.01.2024 16:30;167748
20.01.2024 16:40;171054
20.01.2024 16:50;170637
20.01.2024 17:00;168058
20.01.2024 17:10;164491
20.01.2024 17:20;165173
20.01.2024 17:30;162455
20.01.2024 17:40;166945
20.01.2024 17:50;162978
20.01.2024 18:00;165055
20.01.2024 18:10;163084
20.01.2024 18:20;163847
20.01.2024 18:30;163474
20.01.2024 18:40;163818
20.01.2024 18:50;163921
20.01.2024 19:00;151770
20.01.2024 19:10;153842
20.01.2024 19:20;150935
20.01.2024 19:30;152923
20.01.2024 19:40;154419
20.01.2024 19:50;151822
20.01.2024 20:00;151515
20.01.2024 20:10;152246
20.01.2024 20:20;154362
20.01.2024 20:30;152883
20.01.2024 20:40;151795
20.01.2024 20:50;153318
20.01.2024 21:00;140535
20.01.2024 21:10;143210
20.01.2024 21:20;142801
20.01.2024 21:30;141726
20.01.2024 21:40;140930
20.01.2024 21:50;140858
20.01.2024 22:00;142990
20.01.2024 22:10;144031
20.01.2024 22:20;141232
20.01.2024 22:30;142876
20.01.2024 22:40;139057
20.01.2024 22:50;141311
20.01.2024 23:00;142141
20.01.2024 23:10;140823
20.01.2024 23:20;140783
20.01.2024 23:30;141186
20.01.2024 23:40;142626
20.01.2024 23:50;141907
21.01.2024 00:00;131895
21.01.2024 00:10;132071
21.01.2024 00:20;134342
21.01.2024 00:30;135939
21.01.2024 00:40;131131
21.01.2024 00:50;134502
21.01.2024 01:00;134463
21.01.2024 01:10;137335
21.01.2024 01:20;134674
21.01.2024 01:30;135826
21.01.2024 01:40;135464
21.01.2024 01:50;132056
21.01.2024 02:00;136404
21.01.2024 02:10;135575
21.01.2024 02:20;136014
21.01.2024 02:30;141141
21.01.2024 02:40;132126
21.01.2024 02:50;137839
21.01.2024 03:00;134821
21.01.2024 03:10;135683
21.01.2024 03:20;135184
21.01.2024 03:30;134616
21.01.2024 03:40;134397
21.01.2024 03:50;135746
21.01.2024 04:00;132976
21.01.2024 04:10;136378
21.01.2024 04:20;134628
21.01.2024 04:30;133557
21.01.2024 04:40;134577
21.01.2024 04:50;137138
21.01.2024 05:00;134449
21.01.2024 05:10;137524
21.01.2024 05:20;137624
21.01.2024 05:30;141591
21.01.2024 05:40;143216
21.01.2024 05:50;146695
21.01.2024 06:00;145393
21.01.2024 06:10;148393
21.01.2024 06:20;149271
21.01.2024 06:30;152802
21.01.2024 06:40;151514
21.01.2024 06:50;155444
21.01.2024 07:00;155768
21.01.2024 07:10;157120
21.01.2024 07:20;158510
21.01.2024 07:30;159906
21.01.2024 07:40;160510
21.01.2024 07:50;162162
21.01.2024 08:00;165363
21.01.2024 08:10;165630
21.01.2024 08:20;166612
21.01.2024 08:30;165781
21.01.2024 08:40;166286
21.01.2024 08:50;170209
21.01.2024 09:00;171246
21.01.2024 09:10;172141
21.01.2024 09:20;169026
21.01.2024 09:30;169588
21.01.2024 09:40;167473
21.01.2024 09:50;169343
21.01.2024 10:00;171427
21.01.2024 10:10;169232
21.01.2024 10:20;170893
21.01.2024 10:30;169646
21.01.2024 10:40;170418
21.01.2024 10:50;168210
21.01.2024 11:00;170060
21.01.2024 11:10;165445
21.01.2024 11:20;169652
21.01.2024 11:30;167486
21.01.2024 11:40;171741
21.01.2024 11:50;171098
21.01.2024 12:00;163696
21.01.2024 12:10;165278
21.01.2024 12:20;161573
21.01.2024 12:30;165617
21.01.2024 12:40;164394
21.01.2024 12:50;162641
21.01.2024 13:00;169901
21.01.2024 13:10;166539
21.01.2024 13:20;166961
21.01.2024 13:30;167285
21.01.2024 13:40;167405
21.01.2024 13:50;166613
21.01.2024 14:00;170033
21.01.2024 14:10;167810
21.01.2024 14:20;168727
21.01.2024 14:30;167342
21.01.2024 14:40;165467
21.01.2024 14:50;168603
21.01.2024 15:00;165330
21.01.2024 15:10;168095
21.01.2024 15:20;166146
21.01.2024 15:30;171179
21.01.2024 15:40;169565
21.01.2024 15:50;168357
21.01.2024 16:00;170094
21.01.2024 16:10;166929
21.01.2024 16:20;169013
21.01.2024 16:30;168498
21.01.2024 16:40;168594
21.01.2024 16:50;170107
21.01.2024 17:00;165829
21.01.2024 17:10;165163
21.01.2024 17:20;162248
21.01.2024 17:30;163290
21.01.2024 17:40;164546
21.01.2024 17:50;164870
21.01.2024 18:00;163035
21.01.2024 18:10;168348
21.01.2024 18:20;167005
21.01.2024 18:30;165633
21.01.2024 18:40;164838
21.01.2024 18:50;164412
21.01.2024 19:00;151164
21.01.2024 19:10;152708
21.01.2024 19:20;152979
21.01.2024 19:30;150729
21.01.2024 19:40;153093
21.01.2024 19:50;152359
21.01.2024 20:00;149730
21.01.2024 20:10;151301
21.01.2024 20:20;151972
21.01.2024 20:30;155424
21.01.2024 20:40;153427
21.01.2024 20:50;150589
21.01.2024 21:00;142917
21.01.2024 21:10;139867
21.01.2024 21:20;143812
21.01.2024 21:30;141481
21.01.2024 21:40;142048
21.01.2024 21:50;144177
21.01.2024 22:00;140257
21.01.2024 22:10;140092
21.01.2024 22:20;141313
21.01.2024 22:30;143746
21.01.2024 22:40;139909
21.01.2024 22:50;137940
21.01.2024 23:00;141511
21.01.2024 23:10;143016
21.01.2024 23:20;143988
21.01.2024 23:30;141493
21.01.2024 23:40;141571
21.01.2024 23:50;143919
22.01.2024 00:00;156315
22.01.2024 00:10;158537
22.01.2024 00:20;159406
22.01.2024 00:30;159794
22.01.2024 00:40;158355
22.01.2024 00:50;159172
22.01.2024 01:00;155388
22.01.2024 01:10;158133
22.01.2024 01:20;159800
22.01.2024 01:30;157647
22.01.2024 01:40;159208
22.01.2024 01:50;159790
22.01.2024 02:00;158606
22.01.2024 02:10;159376
22.01.2024 02:20;157676
22.01.2024 02:30;158810
22.01.2024 02:40;160035
22.01.2024 02:50;159355
22.01.2024 03:00;158240
22.01.2024 03:10;159456
22.01.2024 03:20;160192
22.01.2024 03:30;156045
22.01.2024 03:40;160859
22.01.2024 03:50;158616
22.01.2024 04:00;159758
22.01.2024 04:10;160916
22.01.2024 04:20;157062
22.01.2024 04:30;158056
22.01.2024 04:40;158687
22.01.2024 04:50;157944
22.01.2024 05:00;161722
22.01.2024 05:10;159875
22.01.2024 05:20;162367
22.01.2024 05:30;165547
22.01.2024 05:40;165477
22.01.2024 05:50;168726
22.01.2024 06:00;171836
22.01.2024 06:10;172901
22.01.2024 06:20;175300
22.01.2024 06:30;176686
22.01.2024 06:40;177248
22.01.2024 06:50;182042
22.01.2024 07:00;186232
22.01.2024 07:10;184988
22.01.2024 07:20;186658
22.01.2024 07:30;188719
22.01.2024 07:40;187136
22.01.2024 07:50;192954
22.01.2024 08:00;192063
22.01.2024 08:10;195568
22.01.2024 08:20;193380
22.01.2024 08:30;198567
22.01.2024 08:40;198363
22.01.2024 08:50;199390
22.01.2024 09:00;200271
22.01.2024 09:10;199547
22.01.2024 09:20;201721
22.01.2024 09:30;200131
22.01.2024 09:40;196969
22.01.2024 09:50;198244
22.01.2024 10:00;199641
22.01.2024 10:10;200385
22.01.2024 10:20;199835
22.01.2024 10:30;201748
22.01.2024 10:40;196993
22.01.2024 10:50;200135
22.01.2024 11:00;197193
22.01.2024 11:10;201060
22.01.2024 11:20;199778
22.01.2024 11:30;200549
22.01.2024 11:40;198624
22.01.2024 11:50;201839
22.01.2024 12:00;193323
22.01.2024 12:10;192635
22.01.2024 12:20;191566
22.01.2024 12:30;192630
22.01.2024 12:40;190700
22.01.2024 12:50;193043
22.01.2024 13:00;200354
22.01.2024 13:10;199486
22.01.2024 13:20;196786
22.01.2024 13:30;198422
22.01.2024 13:40;195940
22.01.2024 13:50;198739
22.01.2024 14:00;198556
22.01.2024 14:10;195075
22.01.2024 14:20;196137
22.01.2024 14:30;197455
22.01.2024 14:40;197429
22.01.2024 14:50;196066
22.01.2024 15:00;198463
22.01.2024 15:10;198257
22.01.2024 15:20;197589
22.01.2024 15:30;196746
22.01.2024 15:40;199453
22.01.2024 15:50;200363
22.01.2024 16:00;197155
22.01.2024 16:10;196962
22.01.2024 16:20;198617
22.01.2024 16:30;197343
22.01.2024 16:40;197671
22.01.2024 16:50;198989
22.01.2024 17:00;190936
22.01.2024 17:10;195777
22.01.2024 17:20;193909
22.01.2024 17:30;193183
22.01.2024 17:40;193666
22.01.2024 17:50;193744
22.01.2024 18:00;191203
22.01.2024 18:10;196042
22.01.2024 18:20;193862
22.01.2024 18:30;194465
22.01.2024 18:40;195227
22.01.2024 18:50;192268
22.01.2024 19:00;180230
22.01.2024 19:10;179119
22.01.2024 19:20;180790
22.01.2024 19:30;176329
22.01.2024 19:40;179371
22.01.2024 19:50;178616
22.01.2024 20:00;180168
22.01.2024 20:10;180225
22.01.2024 20:20;178459
22.01.2024 20:30;178452
22.01.2024 20:40;179354
22.01.2024 20:50;178175
22.01.2024 21:00;168543
22.01.2024 21:10;166726
22.01.2024 21:20;162920
22.01.2024 21:30;166718
22.01.2024 21:40;165722
22.01.2024 21:50;164833
22.01.2024 22:00;165424
22.01.2024 22:10;167444
22.01.2024 22:20;169273
22.01.2024 22:30;167750
22.01.2024 22:40;166370
22.01.2024 22:50;167964
22.01.2024 23:00;166591
22.01.2024 23:10;166238
22.01.2024 23:20;165548
22.01.2024 23:30;164652
22.01.2024 23:40;166695
22.01.2024 23:50;167517
23.01.2024 00:00;158975
23.01.2024 00:10;158496
23.01.2024 00:20;157701
23.01.2024 00:30;160032
23.01.2024 00:40;157144
23.01.2024 00:50;160284
23.01.2024 01:00;157617
23.01.2024 01:10;157991
23.01.2024 01:20;156920
23.01.2024 01:30;158368
23.01.2024 01:40;160583
23.01.2024 01:50;159893
23.01.2024 02:00;160588
23.01.2024 02:10;159903
23.01.2024 02:20;157464
23.01.2024 02:30;158624
23.01.2024 02:40;157950
23.01.2024 02:50;161116
23.01.2024 03:00;157325
23.01.2024 03:10;160461
23.01.2024 03:20;160459
23.01.2024 03:30;161864
23.01.2024 03:40;158505
23.01.2024 03:50;160188
23.01.2024 04:00;162542
23.01.2024 04:10;158194
23.01.2024 04:20;156817
23.01.2024 04:30;156300
23.01.2024 04:40;160189
23.01.2024 04:50;156295
23.01.2024 05:00;158562
23.01.2024 05:10;161816
23.01.2024 05:20;163478
23.01.2024 05:30;165878
23.01.2024 05:40;167613
23.01.2024 05:50;171238
23.01.2024 06:00;169932
23.01.2024 06:10;172385
23.01.2024 06:20;174281
23.01.2024 06:30;178725
23.01.2024 06:40;180871
23.01.2024 06:50;182237
23.01.2024 07:00;185375
23.01.2024 07:10;183193
23.01.2024 07:20;188821
23.01.2024 07:30;189965
23.01.2024 07:40;190143
23.01.2024 07:50;193073
23.01.2024 08:00;189275
23.01.2024 08:10;192333
23.01.2024 08:20;193377
23.01.2024 08:30;196922
23.01.2024 08:40;195625
23.01.2024 08:50;199696
23.01.2024 09:00;201976
23.01.2024 09:10;200963
23.01.2024 09:20;200346
23.01.2024 09:30;198438
23.01.2024 09:40;198650
23.01.2024 09:50;201794
23.01.2024 10:00;201089
23.01.2024 10:10;199861
23.01.2024 10:20;199293
23.01.2024 10:30;196881
23.01.2024 10:40;198314
23.01.2024 10:50;202787
23.01.2024 11:00;197999
23.01.2024 11:10;200204
23.01.2024 11:20;201431
23.01.2024 11:30;198038
23.01.2024 11:40;200197
23.01.2024 11:50;201327
23.01.2024 12:00;191779
23.01.2024 12:10;196063
23.01.2024 12:20;189257
23.01.2024 12:30;193348
23.01.2024 12:40;191501
23.01.2024 12:50;192918
23.01.2024 13:00;198542
23.01.2024 13:10;196780
23.01.2024 13:20;198223
23.01.2024 13:30;195093
23.01.2024 13:40;198785
23.01.2024 13:50;198327
23.01.2024 14:00;198838
23.01.2024 14:10;199467
23.01.2024 14:20;198431
23.01.2024 14:30;198102
23.01.2024 14:40;196558
23.01.2024 14:50;196812
23.01.2024 15:00;199660
23.01.2024 15:10;200035
23.01.2024 15:20;197523
23.01.2024 15:30;197949
23.01.2024 15:40;196523
23.01.2024 15:50;199639
23.01.2024 16:00;198878
23.01.2024 16:10;200792
23.01.2024 16:20;196563
23.01.2024 16:30;197313
23.01.2024 16:40;198227
23.01.2024 16:50;198850
23.01.2024 17:00;193476
23.01.2024 17:10;192491
23.01.2024 17:20;195122
23.01.2024 17:30;194882
23.01.2024 17:40;192426
23.01.2024 17:50;195833
23.01.2024 18:00;195555
23.01.2024 18:10;194001
23.01.2024 18:20;193919
23.01.2024 18:30;194631
23.01.2024 18:40;192507
23.01.2024 18:50;193845
23.01.2024 19:00;176291
23.01.2024 19:10;180835
23.01.2024 19:20;177178
23.01.2024 19:30;181775
23.01.2024 19:40;179025
23.01.2024 19:50;179202
23.01.2024 20:00;178578
23.01.2024 20:10;179088
23.01.2024 20:20;181648
23.01.2024 20:30;175788
23.01.2024 20:40;181435
23.01.2024 20:50;180027
23.01.2024 21:00;165469
23.01.2024 21:10;165667
23.01.2024 21:20;169795
23.01.2024 21:30;165862
23.01.2024 21:40;165550
23.01.2024 21:50;168986
23.01.2024 22:00;167788
23.01.2024 22:10;165873
23.01.2024 22:20;167605
23.01.2024 22:30;165741
23.01.2024 22:40;168931
23.01.2024 22:50;168872
23.01.2024 23:00;168078
23.01.2024 23:10;167822
23.01.2024 23:20;169922
23.01.2024 23:30;167280
23.01.2024 23:40;165507
23.01.2024 23:50;167954
24.01.2024 00:00;162249
24.01.2024 00:10;157598
24.01.2024 00:20;158578
24.01.2024 00:30;159745
24.01.2024 00:40;159039
24.01.2024 00:50;157647
24.01.2024 01:00;160803
24.01.2024 01:10;162600
24.01.2024 01:20;159414
24.01.2024 01:30;157764
24.01.2024 01:40;156797
24.01.2024 01:50;159507
24.01.2024 02:00;160776
24.01.2024 02:10;159833
24.01.2024 02:20;159116
24.01.2024 02:30;158236
24.01.2024 02:40;157482
24.01.2024 02:50;160372
24.01.2024 03:00;160491
24.01.2024 03:10;156801
24.01.2024 03:20;161505
24.01.2024 03:30;159981
24.01.2024 03:40;161219
24.01.2024 03:50;157107
24.01.2024 04:00;157071
24.01.2024 04:10;158897
24.01.2024 04:20;159874
24.01.2024 04:30;161815
24.01.2024 04:40;160179
24.01.2024 04:50;158756
24.01.2024 05:00;157580
24.01.2024 05:10;163005
24.01.2024 05:20;161753
24.01.2024 05:30;167683
24.01.2024 05:40;166853
24.01.2024 05:50;171706
24.01.2024 06:00;172378
24.01.2024 06:10;173195
24.01.2024 06:20;174661
24.01.2024 06:30;176969
24.01.2024 06:40;180162
24.01.2024 06:50;181676
24.01.2024 07:00;182709
24.01.2024 07:10;184712
24.01.2024 07:20;186438
24.01.2024 07:30;184487
24.01.2024 07:40;189727
24.01.2024 07:50;188930
24.01.2024 08:00;190030
24.01.2024 08:10;190589
24.01.2024 08:20;191789
24.01.2024 08:30;193807
24.01.2024 08:40;196136
24.01.2024 08:50;201490
24.01.2024 09:00;151567
24.01.2024 09:10;152036
24.01.2024 09:20;152528
24.01.2024 09:30;151648
24.01.2024 09:40;152482
24.01.2024 09:50;150886
24.01.2024 10:00;154159
24.01.2024 10:10;155040
24.01.2024 10:20;149466
24.01.2024 10:30;149849
24.01.2024 10:40;151336
24.01.2024 10:50;150526
24.01.2024 11:00;200679
24.01.2024 11:10;198828
24.01.2024 11:20;203168
24.01.2024 11:30;201706
24.01.2024 11:40;200239
24.01.2024 11:50;201460
24.01.2024 12:00;193419
24.01.2024 12:10;190914
24.01.2024 12:20;190536
24.01.2024 12:30;191877
24.01.2024 12:40;193052
24.01.2024 12:50;191969
24.01.2024 13:00;195515
24.01.2024 13:10;196676
24.01.2024 13:20;197769
24.01.2024 13:30;197767
24.01.2024 13:40;200839
24.01.2024 13:50;195801
24.01.2024 14:00;198638
24.01.2024 14:10;200114
24.01.2024 14:20;201287
24.01.2024 14:30;197273
24.01.2024 14:40;198617
24.01.2024 14:50;198735
24.01.2024 15:00;198173
24.01.2024 15:10;197732
24.01.2024 15:20;198534
24.01.2024 15:30;194082
24.01.2024 15:40;198903
24.01.2024 15:50;198069
24.01.2024 16:00;197546
24.01.2024 16:10;200950
24.01.2024 16:20;196868
24.01.2024 16:30;197275
24.01.2024 16:40;200867
24.01.2024 16:50;196632
24.01.2024 17:00;192975
24.01.2024 17:10;193579
24.01.2024 17:20;195061
24.01.2024 17:30;194112
24.01.2024 17:40;191861
24.01.2024 17:50;193002
24.01.2024 18:00;192889
24.01.2024 18:10;193684
24.01.2024 18:20;194439
24.01.2024 18:30;194427
24.01.2024 18:40;191136
24.01.2024 18:50;195396
24.01.2024 19:00;179899
24.01.2024 19:10;181597
24.01.2024 19:20;180186
24.01.2024 19:30;181172
24.01.2024 19:40;180220
24.01.2024 19:50;181539
24.01.2024 20:00;180303
24.01.2024 20:10;179373
24.01.2024 20:20;182929
24.01.2024 20:30;180854
24.01.2024 20:40;180381
24.01.2024 20:50;177606
24.01.2024 21:00;165348
24.01.2024 21:10;167719
24.01.2024 21:20;167498
24.01.2024 21:30;166359
24.01.2024 21:40;167491
24.01.2024 21:50;169663
24.01.2024 22:00;168323
24.01.2024 22:10;165568
24.01.2024 22:20;167113
24.01.2024 22:30;166073
24.01.2024 22:40;166698
24.01.2024 22:50;166660
24.01.2024 23:00;166564
24.01.2024 23:10;165397
24.01.2024 23:20;167089
24.01.2024 23:30;166439
24.01.2024 23:40;162886
24.01.2024 23:50;170359
25.01.2024 00:00;158438
25.01.2024 00:10;158792
25.01.2024 00:20;158983
25.01.2024 00:30;158999
25.01.2024 00:40;159198
25.01.2024 00:50;157529
25.01.2024 01:00;158044
25.01.2024 01:10;157193
25.01.2024 01:20;160587
25.01.2024 01:30;155962
25.01.2024 01:40;160850
25.01.2024 01:50;161200
25.01.2024 02:00;158667
25.01.2024 02:10;155215
25.01.2024 02:20;158578
25.01.2024 02:30;159024
25.01.2024 02:40;157604
25.01.2024 02:50;158347
25.01.2024 03:00;161415
25.01.2024 03:10;160117
25.01.2024 03:20;157733
25.01.2024 03:30;156724
25.01.2024 03:40;158629
25.01.2024 03:50;158800
25.01.2024 04:00;159864
25.01.2024 04:10;158317
25.01.2024 04:20;159887
25.01.2024 04:30;162023
25.01.2024 04:40;160343
25.01.2024 04:50;159048
25.01.2024 05:00;158845
25.01.2024 05:10;160625
25.01.2024 05:20;164971
25.01.2024 05:30;164299
25.01.2024 05:40;167348
25.01.2024 05:50;169397
25.01.2024 06:00;170607
25.01.2024 06:10;171341
25.01.2024 06:20;175924
25.01.2024 06:30;177388
25.01.2024 06:40;180270
25.01.2024 06:50;180760
25.01.2024 07:00;185431
25.01.2024 07:10;183645
25.01.2024 07:20;188888
25.01.2024 07:30;185059
25.01.2024 07:40;189692
25.01.2024 07:50;191113
25.01.2024 08:00;190567
25.01.2024 08:10;193757
25.01.2024 08:20;196399
25.01.2024 08:30;192515
25.01.2024 08:40;197954
25.01.2024 08:50;194820
25.01.2024 09:00;198472
25.01.2024 09:10;202364
25.01.2024 09:20;199047
25.01.2024 09:30;198159
25.01.2024 09:40;199623
25.01.2024 09:50;203022
25.01.2024 10:00;197172
25.01.2024 10:10;198343
25.01.2024 10:20;202166
25.01.2024 10:30;202707
25.01.2024 10:40;199765
25.01.2024 10:50;198061
25.01.2024 11:00;203064
25.01.2024 11:10;202312
25.01.2024 11:20;200938
25.01.2024 11:30;198701
25.01.2024 11:40;199846
25.01.2024 11:50;199679
25.01.2024 12:00;192256
25.01.2024 12:10;193937
25.01.2024 12:20;193079
25.01.2024 12:30;190144
25.01.2024 12:40;193825
25.01.2024 12:50;192230
25.01.2024 13:00;198911
25.01.2024 13:10;200080
25.01.2024 13:20;196213
25.01.2024 13:30;197826
25.01.2024 13:40;197083
25.01.2024 13:50;195528
25.01.2024 14:00;198400
25.01.2024 14:10;201647
25.01.2024 14:20;195120
25.01.2024 14:30;197832
25.01.2024 14:40;198841
25.01.2024 14:50;198065
25.01.2024 15:00;197710
25.01.2024 15:10;195931
25.01.2024 15:20;198229
25.01.2024 15:30;196745
25.01.2024 15:40;194595
25.01.2024 15:50;199672
25.01.2024 16:00;199318
25.01.2024 16:10;197957
25.01.2024 16:20;198224
25.01.2024 16:30;199491
25.01.2024 16:40;198217
25.01.2024 16:50;199236
25.01.2024 17:00;193354
25.01.2024 17:10;195768
25.01.2024 17:20;194281
25.01.2024 17:30;194091
25.01.2024 17:40;191895
25.01.2024 17:50;194230
25.01.2024 18:00;192552
25.01.2024 18:10;192843
25.01.2024 18:20;192577
25.01.2024 18:30;192201
25.01.2024 18:40;196987
25.01.2024 18:50;195797
25.01.2024 19:00;182401
25.01.2024 19:10;177686
25.01.2024 19:20;179627
25.01.2024 19:30;177580
25.01.2024 19:40;178476
25.01.2024 19:50;178143
25.01.2024 20:00;181379
25.01.2024 20:10;178926
25.01.2024 20:20;181123
25.01.2024 20:30;180426
25.01.2024 20:40;182975
25.01.2024 20:50;177301
25.01.2024 21:00;169169
25.01.2024 21:10;169000
25.01.2024 21:20;165820
25.01.2024 21:30;168791
25.01.2024 21:40;167784
25.01.2024 21:50;166939
25.01.2024 22:00;166044
25.01.2024 22:10;166201
25.01.2024 22:20;170355
25.01.2024 22:30;167281
25.01.2024 22:40;168453
25.01.2024 22:50;166094
25.01.2024 23:00;166110
25.01.2024 23:10;168903
25.01.2024 23:20;165256
25.01.2024 23:30;166657
25.01.2024 23:40;167331
25.01.2024 23:50;167447
26.01.2024 00:00;158851
26.01.2024 00:10;159714
26.01.2024 00:20;160159
26.01.2024 00:30;160222
26.01.2024 00:40;157641
26.01.2024 00:50;158694
26.01.2024 01:00;160912
26.01.2024 01:10;160462
26.01.2024 01:20;157061
26.01.2024 01:30;159647
26.01.2024 01:40;156153
26.01.2024 01:50;159190
26.01.2024 02:00;161967
26.01.2024 02:10;157698
26.01.2024 02:20;157869
26.01.2024 02:30;160266
26.01.2024 02:40;156806
26.01.2024 02:50;158171
26.01.2024 03:00;160015
26.01.2024 03:10;158169
26.01.2024 03:20;158766
26.01.2024 03:30;160236
26.01.2024 03:40;159752
26.01.2024 03:50;159520
26.01.2024 04:00;158611
26.01.2024 04:10;159675
26.01.2024 04:20;158934
26.01.2024 04:30;159807
26.01.2024 04:40;158375
26.01.2024 04:50;158846
26.01.2024 05:00;157635
26.01.2024 05:10;161107
26.01.2024 05:20;161983
26.01.2024 05:30;163569
26.01.2024 05:40;167668
26.01.2024 05:50;169639
26.01.2024 06:00;172534
26.01.2024 06:10;172753
26.01.2024 06:20;176052
26.01.2024 06:30;178306
26.01.2024 06:40;180187
26.01.2024 06:50;180322
26.01.2024 07:00;183824
26.01.2024 07:10;185506
26.01.2024 07:20;186331
26.01.2024 07:30;184550
26.01.2024 07:40;189281
26.01.2024 07:50;193719
26.01.2024 08:00;191220
26.01.2024 08:10;192028
26.01.2024 08:20;195040
26.01.2024 08:30;196309
26.01.2024 08:40;198989
26.01.2024 08:50;196673
26.01.2024 09:00;201017
26.01.2024 09:10;200806
26.01.2024 09:20;199707
26.01.2024 09:30;200428
26.01.2024 09:40;201464
26.01.2024 09:50;201228
26.01.2024 10:00;198205
26.01.2024 10:10;201150
26.01.2024 10:20;199823
26.01.2024 10:30;200029
26.01.2024 10:40;200030
26.01.2024 10:50;199695
26.01.2024 11:00;201708
26.01.2024 11:10;199794
26.01.2024 11:20;198241
26.01.2024 11:30;199330
26.01.2024 11:40;200188
26.01.2024 11:50;201764
26.01.2024 12:00;192665
26.01.2024 12:10;190484
26.01.2024 12:20;195488
26.01.2024 12:30;192157
26.01.2024 12:40;193673
26.01.2024 12:50;191532
26.01.2024 13:00;198680
26.01.2024 13:10;199139
26.01.2024 13:20;199707
26.01.2024 13:30;199466
26.01.2024 13:40;199188
26.01.2024 13:50;197407
26.01.2024 14:00;197022
26.01.2024 14:10;198379
26.01.2024 14:20;199280
26.01.2024 14:30;197546
26.01.2024 14:40;199478
26.01.2024 14:50;200059
26.01.2024 15:00;196506
26.01.2024 15:10;196625
26.01.2024 15:20;197669
26.01.2024 15:30;198341
26.01.2024 15:40;197093
26.01.2024 15:50;199908
26.01.2024 16:00;198516
26.01.2024 16:10;197939
26.01.2024 16:20;195726
26.01.2024 16:30;195906
26.01.2024 16:40;198302
26.01.2024 16:50;194681
26.01.2024 17:00;195319
26.01.2024 17:10;193563
26.01.2024 17:20;198665
26.01.2024 17:30;197262
26.01.2024 17:40;193528
26.01.2024 17:50;193640
26.01.2024 18:00;195293
26.01.2024 18:10;196355
26.01.2024 18:20;191343
26.01.2024 18:30;191120
26.01.2024 18:40;192867
26.01.2024 18:50;194674
26.01.2024 19:00;180265
26.01.2024 19:10;181125
26.01.2024 19:20;177720
26.01.2024 19:30;176046
26.01.2024 19:40;180807
26.01.2024 19:50;178278
26.01.2024 20:00;176492
26.01.2024 20:10;179738
26.01.2024 20:20;180710
26.01.2024 20:30;179337
26.01.2024 20:40;178833
26.01.2024 20:50;179281
26.01.2024 21:00;166724
26.01.2024 21:10;165258
26.01.2024 21:20;166208
26.01.2024 21:30;168062
26.01.2024 21:40;167763
26.01.2024 21:50;167532
26.01.2024 22:00;165787
26.01.2024 22:10;167008
26.01.2024 22:20;164014
26.01.2024 22:30;167548
26.01.2024 22:40;169423
26.01.2024 22:50;165069
26.01.2024 23:00;166401
26.01.2024 23:10;167774
26.01.2024 23:20;169159
26.01.2024 23:30;166608
26.01.2024 23:40;166242
26.01.2024 23:50;164327
27.01.2024 00:00;135407
27.01.2024 00:10;138315
27.01.2024 00:20;135668
27.01.2024 00:30;135219
27.01.2024 00:40;135735
27.01.2024 00:50;135235
27.01.2024 01:00;134032
27.01.2024 01:10;136487
27.01.2024 01:20;135591
27.01.2024 01:30;135278
27.01.2024 01:40;133789
27.01.2024 01:50;137207
27.01.2024 02:00;136249
27.01.2024 02:10;134423
27.01.2024 02:20;136755
27.01.2024 02:30;134506
27.01.2024 02:40;134079
27.01.2024 02:50;134112
27.01.2024 03:00;132595
27.01.2024 03:10;135959
27.01.2024 03:20;132505
27.01.2024 03:30;133409
27.01.2024 03:40;132139
27.01.2024 03:50;135123
27.01.2024 04:00;135027
27.01.2024 04:10;134762
27.01.2024 04:20;133688
27.01.2024 04:30;133494
27.01.2024 04:40;135949
27.01.2024 04:50;134426
27.01.2024 05:00;135727
27.01.2024 05:10;135658
27.01.2024 05:20;138992
27.01.2024 05:30;142409
27.01.2024 05:40;143067
27.01.2024 05:50;143303
27.01.2024 06:00;146042
27.01.2024 06:10;147029
27.01.2024 06:20;149136
27.01.2024 06:30;150370
27.01.2024 06:40;152345
27.01.2024 06:50;154644
27.01.2024 07:00;154570
27.01.2024 07:10;155692
27.01.2024 07:20;156289
27.01.2024 07:30;157128
27.01.2024 07:40;158858
27.01.2024 07:50;162079
27.01.2024 08:00;161657
27.01.2024 08:10;164922
27.01.2024 08:20;165360
27.01.2024 08:30;163511
27.01.2024 08:40;168602
27.01.2024 08:50;169992
27.01.2024 09:00;168441
27.01.2024 09:10;170562
27.01.2024 09:20;168647
27.01.2024 09:30;170079
27.01.2024 09:40;168035
27.01.2024 09:50;167242
27.01.2024 10:00;169358
27.01.2024 10:10;169746
27.01.2024 10:20;169335
27.01.2024 10:30;168156
27.01.2024 10:40;169332
27.01.2024 10:50;170336
27.01.2024 11:00;169865
27.01.2024 11:10;170206
27.01.2024 11:20;168927
27.01.2024 11:30;171690
27.01.2024 11:40;168168
27.01.2024 11:50;170663
27.01.2024 12:00;164769
27.01.2024 12:10;163717
27.01.2024 12:20;162692
27.01.2024 12:30;162204
27.01.2024 12:40;164550
27.01.2024 12:50;160862
27.01.2024 13:00;166743
27.01.2024 13:10;167602
27.01.2024 13:20;170054
27.01.2024 13:30;168768
27.01.2024 13:40;166746
27.01.2024 13:50;167733
27.01.2024 14:00;167277
27.01.2024 14:10;167133
27.01.2024 14:20;169666
27.01.2024 14:30;166140
27.01.2024 14:40;170611
27.01.2024 14:50;169440
27.01.2024 15:00;169834
27.01.2024 15:10;167504
27.01.2024 15:20;167973
27.01.2024 15:30;166048
27.01.2024 15:40;167411
27.01.2024 15:50;168938
27.01.2024 16:00;170142
27.01.2024 16:10;166537
27.01.2024 16:20;167650
27.01.2024 16:30;167971
27.01.2024 16:40;166104
27.01.2024 16:50;169085
27.01.2024 17:00;163644
27.01.2024 17:10;164437
27.01.2024 17:20;164052
27.01.2024 17:30;163546
27.01.2024 17:40;164719
27.01.2024 17:50;164407
27.01.2024 18:00;164172
27.01.2024 18:10;163637
27.01.2024 18:20;165209
27.01.2024 18:30;167210
27.01.2024 18:40;164940
27.01.2024 18:50;166224
27.01.2024 19:00;150507
27.01.2024 19:10;152829
27.01.2024 19:20;150946
27.01.2024 19:30;150377
27.01.2024 19:40;151483
27.01.2024 19:50;154380
27.01.2024 20:00;154017
27.01.2024 20:10;152957
27.01.2024 20:20;150293
27.01.2024 20:30;152298
27.01.2024 20:40;153045
27.01.2024 20:50;152855
27.01.2024 21:00;139422
27.01.2024 21:10;140853
27.01.2024 21:20;142092
27.01.2024 21:30;142992
27.01.2024 21:40;138894
27.01.2024 21:50;141945
27.01.2024 22:00;142403
27.01.2024 22:10;143462
27.01.2024 22:20;143227
27.01.2024 22:30;143062
27.01.2024 22:40;140988
27.01.2024 22:50;139326
27.01.2024 23:00;141598
27.01.2024 23:10;143690
27.01.2024 23:20;144278
27.01.2024 23:30;143254
27.01.2024 23:40;142832
27.01.2024 23:50;142757
28.01.2024 00:00;134418
28.01.2024 00:10;135057
28.01.2024 00:20;137756
28.01.2024 00:30;133838
28.01.2024 00:40;137674
28.01.2024 00:50;134769
28.01.2024 01:00;137240
28.01.2024 01:10;133142
28.01.2024 01:20;136131
28.01.2024 01:30;134147
28.01.2024 01:40;133129
28.01.2024 01:50;135580
28.01.2024 02:00;136766
28.01.2024 02:10;133985
28.01.2024 02:20;133003
28.01.2024 02:30;135114
28.01.2024 02:40;135121
28.01.2024 02:50;136074
28.01.2024 03:00;136676
28.01.2024 03:10;135163
28.01.2024 03:20;138035
28.01.2024 03:30;135588
28.01.2024 03:40;134732
28.01.2024 03:50;132835
28.01.2024 04:00;134858
28.01.2024 04:10;134747
28.01.2024 04:20;136692
28.01.2024 04:30;135946
28.01.2024 04:40;133483
28.01.2024 04:50;135510
28.01.2024 05:00;136259
28.01.2024 05:10;139278
28.01.2024 05:20;140051
28.01.2024 05:30;141595
28.01.2024 05:40;142278
28.01.2024 05:50;144504
28.01.2024 06:00;147530
28.01.2024 06:10;145391
28.01.2024 06:20;148600
28.01.2024 06:30;149699
28.01.2024 06:40;153161
28.01.2024 06:50;156171
28.01.2024 07:00;155165
28.01.2024 07:10;153631
28.01.2024 07:20;157754
28.01.2024 07:30;160898
28.01.2024 07:40;161490
28.01.2024 07:50;162482
28.01.2024 08:00;162576
28.01.2024 08:10;162233
28.01.2024 08:20;166081
28.01.2024 08:30;165213
28.01.2024 08:40;170896
28.01.2024 08:50;169632
28.01.2024 09:00;169061
28.01.2024 09:10;169015
28.01.2024 09:20;169793
28.01.2024 09:30;169573
28.01.2024 09:40;171607
28.01.2024 09:50;170212
28.01.2024 10:00;168835
28.01.2024 10:10;172768
28.01.2024 10:20;170006
28.01.2024 10:30;171085
28.01.2024 10:40;169020
28.01.2024 10:50;170477
28.01.2024 11:00;170399
28.01.2024 11:10;167098
28.01.2024 11:20;172955
28.01.2024 11:30;171868
28.01.2024 11:40;169336
28.01.2024 11:50;168279
28.01.2024 12:00;163517
28.01.2024 12:10;163126
28.01.2024 12:20;163530
28.01.2024 12:30;163283
28.01.2024 12:40;163755
28.01.2024 12:50;165167
28.01.2024 13:00;169050
28.01.2024 13:10;166624
28.01.2024 13:20;170242
28.01.2024 13:30;170659
28.01.2024 13:40;172926
28.01.2024 13:50;166513
28.01.2024 14:00;168562
28.01.2024 14:10;165075
28.01.2024 14:20;169028
28.01.2024 14:30;167376
28.01.2024 14:40;171083
28.01.2024 14:50;167036
28.01.2024 15:00;165664
28.01.2024 15:10;167491
28.01.2024 15:20;165235
28.01.2024 15:30;169325
28.01.2024 15:40;165100
28.01.2024 15:50;168241
28.01.2024 16:00;165081
28.01.2024 16:10;167718
28.01.2024 16:20;170663
28.01.2024 16:30;168739
28.01.2024 16:40;166903
28.01.2024 16:50;168151
28.01.2024 17:00;164757
28.01.2024 17:10;165439
28.01.2024 17:20;162680
28.01.2024 17:30;165619
28.01.2024 17:40;160673
28.01.2024 17:50;163785
28.01.2024 18:00;163998
28.01.2024 18:10;165680
28.01.2024 18:20;164764
28.01.2024 18:30;162622
28.01.2024 18:40;163253
28.01.2024 18:50;165028
28.01.2024 19:00;152473
28.01.2024 19:10;151723
28.01.2024 19:20;151871
28.01.2024 19:30;153636
28.01.2024 19:40;151815
28.01.2024 19:50;152460
28.01.2024 20:00;155847
28.01.2024 20:10;150456
28.01.2024 20:20;149814
28.01.2024 20:30;153767
28.01.2024 20:40;151574
28.01.2024 20:50;152115
28.01.2024 21:00;141016
28.01.2024 21:10;141798
28.01.2024 21:20;144586
28.01.2024 21:30;143391
28.01.2024 21:40;143481
28.01.2024 21:50;140064
28.01.2024 22:00;140461
28.01.2024 22:10;137929
28.01.2024 22:20;140974
28.01.2024 22:30;143623
28.01.2024 22:40;142963
28.01.2024 22:50;141856
28.01.2024 23:00;142155
28.01.2024 23:10;141155
28.01.2024 23:20;142495
28.01.2024 23:30;143337
28.01.2024 23:40;139764
28.01.2024 23:50;142637
29.01.2024 00:00;160519
29.01.2024 00:10;158497
29.01.2024 00:20;160171
29.01.2024 00:30;163342
29.01.2024 00:40;158963
29.01.2024 00:50;159710
29.01.2024 01:00;158013
29.01.2024 01:10;159392
29.01.2024 01:20;159810
29.01.2024 01:30;159412
29.01.2024 01:40;157590
29.01.2024 01:50;159430
29.01.2024 02:00;161313
29.01.2024 02:10;159793
29.01.2024 02:20;160563
29.01.2024 02:30;158764
29.01.2024 02:40;160245
29.01.2024 02:50;159539
29.01.2024 03:00;157694
29.01.2024 03:10;159598
29.01.2024 03:20;157632
29.01.2024 03:30;158171
29.01.2024 03:40;159404
29.01.2024 03:50;159566
29.01.2024 04:00;157336
29.01.2024 04:10;160701
29.01.2024 04:20;159978
29.01.2024 04:30;158063
29.01.2024 04:40;156814
29.01.2024 04:50;158903
29.01.2024 05:00;158451
29.01.2024 05:10;161330
29.01.2024 05:20;162655
29.01.2024 05:30;162229
29.01.2024 05:40;166697
29.01.2024 05:50;168862
29.01.2024 06:00;172310
29.01.2024 06:10;172353
29.01.2024 06:20;177958
29.01.2024 06:30;174613
29.01.2024 06:40;181487
29.01.2024 06:50;181224
29.01.2024 07:00;184889
29.01.2024 07:10;185080
29.01.2024 07:20;188029
29.01.2024 07:30;187099
29.01.2024 07:40;187392
29.01.2024 07:50;192531
29.01.2024 08:00;191590
29.01.2024 08:10;193452
29.01.2024 08:20;196332
29.01.2024 08:30;194292
29.01.2024 08:40;198093
29.01.2024 08:50;197675
29.01.2024 09:00;199722
29.01.2024 09:10;200028
29.01.2024 09:20;197670
29.01.2024 09:30;198752
29.01.2024 09:40;201947
29.01.2024 09:50;201249
29.01.2024 10:00;199826
29.01.2024 10:10;200285
29.01.2024 10:20;199479
29.01.2024 10:30;201955
29.01.2024 10:40;199619
29.01.2024 10:50;200268
29.01.2024 11:00;201639
29.01.2024 11:10;198754
29.01.2024 11:20;202258
29.01.2024 11:30;197624
29.01.2024 11:40;202364
29.01.2024 11:50;199361
29.01.2024 12:00;191396
29.01.2024 12:10;188925
29.01.2024 12:20;191078
29.01.2024 12:30;190200
29.01.2024 12:40;190849
29.01.2024 12:50;191554
29.01.2024 13:00;199317
29.01.2024 13:10;198191
29.01.2024 13:20;198342
29.01.2024 13:30;196237
29.01.2024 13:40;196559
29.01.2024 13:50;200578
29.01.2024 14:00;196777
29.01.2024 14:10;200364
29.01.2024 14:20;197515
29.01.2024 14:30;197883
29.01.2024 14:40;199486
29.01.2024 14:50;199788
29.01.2024 15:00;197714
29.01.2024 15:10;197298
29.01.2024 15:20;197796
29.01.2024 15:30;198387
29.01.2024 15:40;199217
29.01.2024 15:50;197886
29.01.2024 16:00;198808
29.01.2024 16:10;200338
29.01.2024 16:20;198452
29.01.2024 16:30;198347
29.01.2024 16:40;195602
29.01.2024 16:50;193934
29.01.2024 17:00;194383
29.01.2024 17:10;193658
29.01.2024 17:20;193028
29.01.2024 17:30;194165
29.01.2024 17:40;193709
29.01.2024 17:50;195492
29.01.2024 18:00;193929
29.01.2024 18:10;192680
29.01.2024 18:20;195285
29.01.2024 18:30;193474
29.01.2024 18:40;194590
29.01.2024 18:50;193084
29.01.2024 19:00;178545
29.01.2024 19:10;179646
29.01.2024 19:20;179539
29.01.2024 19:30;180240
29.01.2024 19:40;179117
29.01.2024 19:50;176765
29.01.2024 20:00;178871
29.01.2024 20:10;180711
29.01.2024 20:20;179074
29.01.2024 20:30;179150
29.01.2024 20:40;181000
29.01.2024 20:50;178452
29.01.2024 21:00;164966
29.01.2024 21:10;167039
29.01.2024 21:20;166554
29.01.2024 21:30;165831
29.01.2024 21:40;167017
29.01.2024 21:50;168017
29.01.2024 22:00;167266
29.01.2024 22:10;167740
29.01.2024 22:20;170000
29.01.2024 22:30;166766
29.01.2024 22:40;167698
29.01.2024 22:50;166516
29.01.2024 23:00;166010
29.01.2024 23:10;166403
29.01.2024 23:20;166562
29.01.2024 23:30;167819
29.01.2024 23:40;170804
29.01.2024 23:50;166206
30.01.2024 00:00;158495
30.01.2024 00:10;159025
30.01.2024 00:20;159714
30.01.2024 00:30;159515
30.01.2024 00:40;161046
30.01.2024 00:50;155480
30.01.2024 01:00;155540
30.01.2024 01:10;158376
30.01.2024 01:20;160766
30.01.2024 01:30;156772
30.01.2024 01:40;154609
30.01.2024 01:50;159977
30.01.2024 02:00;159485
30.01.2024 02:10;157485
30.01.2024 02:20;157642
30.01.2024 02:30;157665
30.01.2024 02:40;159286
30.01.2024 02:50;158181
30.01.2024 03:00;159861
30.01.2024 03:10;154838
30.01.2024 03:20;157835
30.01.2024 03:30;157431
30.01.2024 03:40;158735
30.01.2024 03:50;158313
30.01.2024 04:00;160317
30.01.2024 04:10;156331
30.01.2024 04:20;159188
30.01.2024 04:30;159958
30.01.2024 04:40;161905
30.01.2024 04:50;158397
30.01.2024 05:00;159607
30.01.2024 05:10;158454
30.01.2024 05:20;159612
30.01.2024 05:30;166507
30.01.2024 05:40;167272
30.01.2024 05:50;171088
30.01.2024 06:00;169300
30.01.2024 06:10;174180
30.01.2024 06:20;178243
30.01.2024 06:30;178110
30.01.2024 06:40;179935
30.01.2024 06:50;181573
30.01.2024 07:00;181244
30.01.2024 07:10;186993
30.01.2024 07:20;185404
30.01.2024 07:30;188437
30.01.2024 07:40;186695
30.01.2024 07:50;188631
30.01.2024 08:00;193913
30.01.2024 08:10;192599
30.01.2024 08:20;196660
30.01.2024 08:30;195723
30.01.2024 08:40;194437
30.01.2024 08:50;199898
30.01.2024 09:00;199035
30.01.2024 09:10;200968
30.01.2024 09:20;199958
30.01.2024 09:30;197605
30.01.2024 09:40;200166
30.01.2024 09:50;203214
30.01.2024 10:00;200659
30.01.2024 10:10;199834
30.01.2024 10:20;201533
30.01.2024 10:30;200236
30.01.2024 10:40;200234
30.01.2024 10:50;198283
30.01.2024 11:00;200271
30.01.2024 11:10;201473
30.01.2024 11:20;198666
30.01.2024 11:30;202057
30.01.2024 11:40;199782
30.01.2024 11:50;198588
30.01.2024 12:00;193256
30.01.2024 12:10;191330
30.01.2024 12:20;192899
30.01.2024 12:30;191322
30.01.2024 12:40;191670
30.01.2024 12:50;192500
30.01.2024 13:00;198316
30.01.2024 13:10;194887
30.01.2024 13:20;196198
30.01.2024 13:30;199274
30.01.2024 13:40;197682
30.01.2024 13:50;197094
30.01.2024 14:00;195842
30.01.2024 14:10;196260
30.01.2024 14:20;194847
30.01.2024 14:30;197728
30.01.2024 14:40;196982
30.01.2024 14:50;196430
30.01.2024 15:00;197778
30.01.2024 15:10;198426
30.01.2024 15:20;201020
30.01.2024 15:30;195612
30.01.2024 15:40;199619
30.01.2024 15:50;199340
30.01.2024 16:00;196711
30.01.2024 16:10;198185
30.01.2024 16:20;197194
30.01.2024 16:30;198159
30.01.2024 16:40;200144
30.01.2024 16:50;198788
30.01.2024 17:00;194563
30.01.2024 17:10;193155
30.01.2024 17:20;191574
30.01.2024 17:30;193487
30.01.2024 17:40;195610
30.01.2024 17:50;191509
30.01.2024 18:00;192217
30.01.2024 18:10;193989
30.01.2024 18:20;192323
30.01.2024 18:30;192611
30.01.2024 18:40;193165
30.01.2024 18:50;191752
30.01.2024 19:00;178059
30.01.2024 19:10;180575
30.01.2024 19:20;177559
30.01.2024 19:30;177123
30.01.2024 19:40;178575
30.01.2024 19:50;180618
30.01.2024 20:00;179225
30.01.2024 20:10;178823
30.01.2024 20:20;179587
30.01.2024 20:30;176901
30.01.2024 20:40;180262
30.01.2024 20:50;180095
30.01.2024 21:00;166666
30.01.2024 21:10;168789
30.01.2024 21:20;165589
30.01.2024 21:30;168972
30.01.2024 21:40;167512
30.01.2024 21:50;166775
30.01.2024 22:00;167250
30.01.2024 22:10;167119
30.01.2024 22:20;169110
30.01.2024 22:30;165665
30.01.2024 22:40;166136
30.01.2024 22:50;168834
30.01.2024 23:00;166387
30.01.2024 23:10;168631
30.01.2024 23:20;169829
30.01.2024 23:30;166677
30.01.2024 23:40;168302
30.01.2024 23:50;165549
31.01.2024 00:00;160252
31.01.2024 00:10;159419
31.01.2024 00:20;159830
31.01.2024 00:30;158152
31.01.2024 00:40;156628
31.01.2024 00:50;159875
31.01.2024 01:00;156025
31.01.2024 01:10;158644
31.01.2024 01:20;160532
31.01.2024 01:30;159408
31.01.2024 01:40;162043
31.01.2024 01:50;160658
31.01.2024 02:00;158139
31.01.2024 02:10;159161
31.01.2024 02:20;159049
31.01.2024 02:30;156747
31.01.2024 02:40;157709
31.01.2024 02:50;158279
31.01.2024 03:00;156066
31.01.2024 03:10;159191
31.01.2024 03:20;158746
31.01.2024 03:30;156611
31.01.2024 03:40;159726
31.01.2024 03:50;160194
31.01.2024 04:00;159461
31.01.2024 04:10;158634
31.01.2024 04:20;160007
31.01.2024 04:30;160140
31.01.2024 04:40;159581
31.01.2024 04:50;157883
31.01.2024 05:00;159535
31.01.2024 05:10;162953
31.01.2024 05:20;162305
31.01.2024 05:30;168387
31.01.2024 05:40;166492
31.01.2024 05:50;169369
31.01.2024 06:00;170351
31.01.2024 06:10;173735
31.01.2024 06:20;172827
31.01.2024 06:30;176661
31.01.2024 06:40;177882
31.01.2024 06:50;181763
31.01.2024 07:00;185092
31.01.2024 07:10;185929
31.01.2024 07:20;182763
31.01.2024 07:30;190743
31.01.2024 07:40;189483
31.01.2024 07:50;189235
31.01.2024 08:00;191996
31.01.2024 08:10;193384
31.01.2024 08:20;193480
31.01.2024 08:30;196137
31.01.2024 08:40;196289
31.01.2024 08:50;197953
31.01.2024 09:00;198891
31.01.2024 09:10;197771
31.01.2024 09:20;200139
31.01.2024 09:30;200798
31.01.2024 09:40;200692
31.01.2024 09:50;201150
31.01.2024 10:00;200407
31.01.2024 10:10;199121
31.01.2024 10:20;201179
31.01.2024 10:30;197884
31.01.2024 10:40;198569
31.01.2024 10:50;198474
31.01.2024 11:00;201540
31.01.2024 11:10;201334
31.01.2024 11:20;200651
31.01.2024 11:30;201528
31.01.2024 11:40;198601
31.01.2024 11:50;200443
31.01.2024 12:00;191572
31.01.2024 12:10;193030
31.01.2024 12:20;191587
31.01.2024 12:30;191183
31.01.2024 12:40;192571
31.01.2024 12:50;193074
31.01.2024 13:00;196877
31.01.2024 13:10;197788
31.01.2024 13:20;196292
31.01.2024 13:30;194133
31.01.2024 13:40;198181
31.01.2024 13:50;198793
31.01.2024 14:00;198273
31.01.2024 14:10;194956
31.01.2024 14:20;197354
31.01.2024 14:30;194552
31.01.2024 14:40;199935
31.01.2024 14:50;196251
31.01.2024 15:00;199763
31.01.2024 15:10;199299
31.01.2024 15:20;196529
31.01.2024 15:30;196181
31.01.2024 15:40;198406
31.01.2024 15:50;196614
31.01.2024 16:00;198034
31.01.2024 16:10;197156
31.01.2024 16:20;195208
31.01.2024 16:30;194534
31.01.2024 16:40;198220
31.01.2024 16:50;197038
31.01.2024 17:00;192970
31.01.2024 17:10;194844
31.01.2024 17:20;195560
31.01.2024 17:30;193391
31.01.2024 17:40;193289
31.01.2024 17:50;194550
31.01.2024 18:00;191765
31.01.2024 18:10;194135
31.01.2024 18:20;194628
31.01.2024 18:30;194820
31.01.2024 18:40;190895
31.01.2024 18:50;192658
31.01.2024 19:00;178203
31.01.2024 19:10;179670
31.01.2024 19:20;180241
31.01.2024 19:30;181765
31.01.2024 19:40;178778
31.01.2024 19:50;178774
31.01.2024 20:00;181245
31.01.2024 20:10;179965
31.01.2024 20:20;181421
31.01.2024 20:30;179953
31.01.2024 20:40;177784
31.01.2024 20:50;177520
31.01.2024 21:00;164953
31.01.2024 21:10;168273
31.01.2024 21:20;169063
31.01.2024 21:30;170054
31.01.2024 21:40;168545
31.01.2024 21:50;169024
31.01.2024 22:00;166410
31.01.2024 22:10;165545
31.01.2024 22:20;168555
31.01.2024 22:30;167907
31.01.2024 22:40;167441
31.01.2024 22:50;167861
31.01.2024 23:00;167765
31.01.2024 23:10;169206
31.01.2024 23:20;169222
31.01.2024 23:30;168096
31.01.2024 23:40;168549
31.01.2024 23:50;168051